{
  "nodes": {
    "1m": [
      0,
      1,
      2,
      3,
      4,
      5,
      6,
      7,
      8,
      9,
      10,
      11,
      12,
      13,
      14,
      15
    ],
    "5m": [],
    "15m": [],
    "1h": [
      16
    ],
    "D": [],
    "W": []
  },
  "rich_node_features": [
    "RichNodeFeature(time_minutes=0.0, daily_phase_sin=-0.9659258262890682, daily_phase_cos=0.2588190451025212, session_position=0.0, time_to_close=299.0, weekend_proximity=0.42857142857142855, absolute_timestamp=1753743600, day_of_week=1, month_phase=0.9354838709677419, normalized_price=0.23526, price_delta_1m=0.0026309383952068666, price_delta_5m=-0.017289866759628052, price_delta_15m=-0.01225691152781648, volatility_window=0.01645703460913727, energy_state=0.148, contamination_coefficient=0, fisher_regime=0, session_character=0, cross_tf_confluence=1.0, event_type_id=0, timeframe_source=0, liquidity_type=0, fpfvg_gap_size=0.0, fpfvg_interaction_count=0, first_presentation_flag=0.0, pd_array_strength=0.0, structural_importance=0.0, raw_json={'timestamp': '19:00:00', 'price_level': 23526.0, 'movement_type': 'open'})",
    "RichNodeFeature(time_minutes=-420.0, daily_phase_sin=1.2246467991473532e-16, daily_phase_cos=-1.0, session_position=-1.4046822742474916, time_to_close=719.0, weekend_proximity=0.42857142857142855, absolute_timestamp=1753743600, day_of_week=1, month_phase=0.9354838709677419, normalized_price=0.235475, price_delta_1m=-0.013954042410323036, price_delta_5m=0.022883229046244624, price_delta_15m=0.0011699621236729932, volatility_window=0.042771365023581864, energy_state=0.148, contamination_coefficient=0, fisher_regime=0, session_character=0, cross_tf_confluence=1.0, event_type_id=1, timeframe_source=0, liquidity_type=0, fpfvg_gap_size=0.0, fpfvg_interaction_count=0, first_presentation_flag=0.0, pd_array_strength=0.0, structural_importance=0.0, raw_json={'timestamp': '12:00:00', 'price_level': 23547.5, 'movement_type': 'session_high'})",
    "RichNodeFeature(time_minutes=-390.0, daily_phase_sin=-0.13052619222005132, daily_phase_cos=-0.9914448613738105, session_position=-1.3043478260869565, time_to_close=689.0, weekend_proximity=0.42857142857142855, absolute_timestamp=1753743600, day_of_week=1, month_phase=0.9354838709677419, normalized_price=0.235165, price_delta_1m=-0.01621732484078108, price_delta_5m=0.017858882657349324, price_delta_15m=0.009290287754553895, volatility_window=0.031108384577411538, energy_state=0.148, contamination_coefficient=0, fisher_regime=0, session_character=0, cross_tf_confluence=1.0, event_type_id=2, timeframe_source=0, liquidity_type=0, fpfvg_gap_size=0.0, fpfvg_interaction_count=0, first_presentation_flag=0.0, pd_array_strength=0.0, structural_importance=0.0, raw_json={'timestamp': '12:30:00', 'price_level': 23516.5, 'movement_type': 'session_low'})",
    "RichNodeFeature(time_minutes=299.0, daily_phase_sin=-0.004363309284747432, daily_phase_cos=0.9999904807207345, session_position=1.0, time_to_close=0, weekend_proximity=0.42857142857142855, absolute_timestamp=1753743600, day_of_week=1, month_phase=0.9354838709677419, normalized_price=0.2354325, price_delta_1m=0.011212557529338816, price_delta_5m=0.014405639496215223, price_delta_15m=-0.0017206574979200774, volatility_window=0.017744444978185704, energy_state=0.148, contamination_coefficient=0, fisher_regime=0, session_character=0, cross_tf_confluence=1.0, event_type_id=3, timeframe_source=0, liquidity_type=0, fpfvg_gap_size=0.0, fpfvg_interaction_count=0, first_presentation_flag=0.0, pd_array_strength=0.0, structural_importance=0.0, raw_json={'timestamp': '23:59:00', 'price_level': 23543.25, 'movement_type': 'close'})",
    "RichNodeFeature(time_minutes=0.0, daily_phase_sin=-0.9659258262890682, daily_phase_cos=0.2588190451025212, session_position=0.0, time_to_close=299.0, weekend_proximity=0.42857142857142855, absolute_timestamp=1753743600, day_of_week=1, month_phase=0.9354838709677419, normalized_price=0.23526, price_delta_1m=0.0001883397438626077, price_delta_5m=0.002767149987165197, price_delta_15m=0.010555823592451835, volatility_window=0.024592569809354148, energy_state=0.148, contamination_coefficient=0, fisher_regime=0, session_character=0, cross_tf_confluence=1.0, event_type_id=0, timeframe_source=0, liquidity_type=0, fpfvg_gap_size=0.0, fpfvg_interaction_count=0, first_presentation_flag=0.0, pd_array_strength=0.0, structural_importance=0.0, raw_json={'timestamp': '19:00:00', 'price_level': 23526.0, 'movement_type': 'open'})",
    "RichNodeFeature(time_minutes=-420.0, daily_phase_sin=1.2246467991473532e-16, daily_phase_cos=-1.0, session_position=-1.4046822742474916, time_to_close=719.0, weekend_proximity=0.42857142857142855, absolute_timestamp=1753743600, day_of_week=1, month_phase=0.9354838709677419, normalized_price=0.235475, price_delta_1m=-0.011344220312076672, price_delta_5m=0.02540344281785403, price_delta_15m=-0.0098367540655644, volatility_window=0.028160254701963823, energy_state=0.148, contamination_coefficient=0, fisher_regime=0, session_character=0, cross_tf_confluence=1.0, event_type_id=1, timeframe_source=0, liquidity_type=0, fpfvg_gap_size=0.0, fpfvg_interaction_count=0, first_presentation_flag=0.0, pd_array_strength=0.0, structural_importance=0.0, raw_json={'timestamp': '12:00:00', 'price_level': 23547.5, 'movement_type': 'session_high'})",
    "RichNodeFeature(time_minutes=-390.0, daily_phase_sin=-0.13052619222005132, daily_phase_cos=-0.9914448613738105, session_position=-1.3043478260869565, time_to_close=689.0, weekend_proximity=0.42857142857142855, absolute_timestamp=1753743600, day_of_week=1, month_phase=0.9354838709677419, normalized_price=0.235165, price_delta_1m=0.012765874443222618, price_delta_5m=0.008002683014355872, price_delta_15m=-0.0016796626732299693, volatility_window=0.04263107469193681, energy_state=0.148, contamination_coefficient=0, fisher_regime=0, session_character=0, cross_tf_confluence=1.0, event_type_id=2, timeframe_source=0, liquidity_type=0, fpfvg_gap_size=0.0, fpfvg_interaction_count=0, first_presentation_flag=0.0, pd_array_strength=0.0, structural_importance=0.0, raw_json={'timestamp': '12:30:00', 'price_level': 23516.5, 'movement_type': 'session_low'})",
    "RichNodeFeature(time_minutes=296.0, daily_phase_sin=-0.01745240643728445, daily_phase_cos=0.9998476951563913, session_position=0.9899665551839465, time_to_close=3.0, weekend_proximity=0.42857142857142855, absolute_timestamp=1753743600, day_of_week=1, month_phase=0.9354838709677419, normalized_price=0.2354325, price_delta_1m=0.0015329622679485324, price_delta_5m=-0.0035956628188095626, price_delta_15m=0.008337124536447636, volatility_window=0.04902472940514379, energy_state=0.148, contamination_coefficient=0, fisher_regime=0, session_character=0, cross_tf_confluence=1.0, event_type_id=3, timeframe_source=0, liquidity_type=0, fpfvg_gap_size=0.0, fpfvg_interaction_count=0, first_presentation_flag=0.0, pd_array_strength=0.0, structural_importance=0.0, raw_json={'timestamp': '23:56:00', 'price_level': 23543.25, 'movement_type': 'close'})",
    "RichNodeFeature(time_minutes=1.0, daily_phase_sin=-0.9647873238288129, daily_phase_cos=0.26303121445797495, session_position=0.0033444816053511705, time_to_close=298.0, weekend_proximity=0.42857142857142855, absolute_timestamp=1753743600, day_of_week=1, month_phase=0.9354838709677419, normalized_price=0.23529, price_delta_1m=-0.005580639544672201, price_delta_5m=-0.003223889394958674, price_delta_15m=-0.010752309049385771, volatility_window=0.029634965529230277, energy_state=0.148, contamination_coefficient=0, fisher_regime=0, session_character=0, cross_tf_confluence=1.0, event_type_id=4, timeframe_source=0, liquidity_type=0, fpfvg_gap_size=0.0, fpfvg_interaction_count=0, first_presentation_flag=0.0, pd_array_strength=0.0, structural_importance=0.0, raw_json={'timestamp': '19:01:00', 'price': 23529.0, 'action': 'sweep', 'context': \"Previous day's New York AM session high taken\"})",
