{
  "nodes": {
    "1m": [
      0,
      1,
      2,
      3,
      4,
      5,
      6,
      7,
      8,
      9,
      10,
      11,
      12,
      13,
      14,
      15
    ],
    "5m": [],
    "15m": [],
    "1h": [
      16
    ],
    "D": [],
    "W": []
  },
  "rich_node_features": [
    "RichNodeFeature(time_minutes=0.0, daily_phase_sin=-0.9659258262890682, daily_phase_cos=0.2588190451025212, session_position=0.0, time_to_close=299.0, weekend_proximity=0.42857142857142855, absolute_timestamp=1753743600, day_of_week=1, month_phase=0.9354838709677419, normalized_price=0.23526, price_delta_1m=-0.009735668825446997, price_delta_5m=-0.004826133153533261, price_delta_15m=-0.008732073075665661, volatility_window=0.03213972888204401, energy_state=0.148, contamination_coefficient=0, fisher_regime=0, session_character=0, cross_tf_confluence=1.0, event_type_id=0, timeframe_source=0, liquidity_type=0, fpfvg_gap_size=0.0, fpfvg_interaction_count=0, first_presentation_flag=0.0, pd_array_strength=0.0, structural_importance=0.0, raw_json={'timestamp': '19:00:00', 'price_level': 23526.0, 'movement_type': 'open'})",
    "RichNodeFeature(time_minutes=-420.0, daily_phase_sin=1.2246467991473532e-16, daily_phase_cos=-1.0, session_position=-1.4046822742474916, time_to_close=719.0, weekend_proximity=0.42857142857142855, absolute_timestamp=1753743600, day_of_week=1, month_phase=0.9354838709677419, normalized_price=0.235475, price_delta_1m=0.009296588074203175, price_delta_5m=-0.0003947541299976004, price_delta_15m=0.010956526966397793, volatility_window=0.030197189504683072, energy_state=0.148, contamination_coefficient=0, fisher_regime=0, session_character=0, cross_tf_confluence=1.0, event_type_id=1, timeframe_source=0, liquidity_type=0, fpfvg_gap_size=0.0, fpfvg_interaction_count=0, first_presentation_flag=0.0, pd_array_strength=0.0, structural_importance=0.0, raw_json={'timestamp': '12:00:00', 'price_level': 23547.5, 'movement_type': 'session_high'})",
    "RichNodeFeature(time_minutes=-390.0, daily_phase_sin=-0.13052619222005132, daily_phase_cos=-0.9914448613738105, session_position=-1.3043478260869565, time_to_close=689.0, weekend_proximity=0.42857142857142855, absolute_timestamp=1753743600, day_of_week=1, month_phase=0.9354838709677419, normalized_price=0.235165, price_delta_1m=0.018316429421100924, price_delta_5m=-0.005013756608601483, price_delta_15m=-0.0034196247532432313, volatility_window=0.042660707099039324, energy_state=0.148, contamination_coefficient=0, fisher_regime=0, session_character=0, cross_tf_confluence=1.0, event_type_id=2, timeframe_source=0, liquidity_type=0, fpfvg_gap_size=0.0, fpfvg_interaction_count=0, first_presentation_flag=0.0, pd_array_strength=0.0, structural_importance=0.0, raw_json={'timestamp': '12:30:00', 'price_level': 23516.5, 'movement_type': 'session_low'})",
    "RichNodeFeature(time_minutes=299.0, daily_phase_sin=-0.004363309284747432, daily_phase_cos=0.9999904807207345, session_position=1.0, time_to_close=0, weekend_proximity=0.42857142857142855, absolute_timestamp=1753743600, day_of_week=1, month_phase=0.9354838709677419, normalized_price=0.2354325, price_delta_1m=-0.006264019617814099, price_delta_5m=0.007253102152578877, price_delta_15m=0.0022281993930646873, volatility_window=0.039090889719588476, energy_state=0.148, contamination_coefficient=0, fisher_regime=0, session_character=0, cross_tf_confluence=1.0, event_type_id=3, timeframe_source=0, liquidity_type=0, fpfvg_gap_size=0.0, fpfvg_interaction_count=0, first_presentation_flag=0.0, pd_array_strength=0.0, structural_importance=0.0, raw_json={'timestamp': '23:59:00', 'price_level': 23543.25, 'movement_type': 'close'})",
    "RichNodeFeature(time_minutes=0.0, daily_phase_sin=-0.9659258262890682, daily_phase_cos=0.2588190451025212, session_position=0.0, time_to_close=299.0, weekend_proximity=0.42857142857142855, absolute_timestamp=1753743600, day_of_week=1, month_phase=0.9354838709677419, normalized_price=0.23526, price_delta_1m=-0.017306376953357853, price_delta_5m=-0.002006082452221651, price_delta_15m=-0.019179707906163232, volatility_window=0.014181980213687044, energy_state=0.148, contamination_coefficient=0, fisher_regime=0, session_character=0, cross_tf_confluence=1.0, event_type_id=0, timeframe_source=0, liquidity_type=0, fpfvg_gap_size=0.0, fpfvg_interaction_count=0, first_presentation_flag=0.0, pd_array_strength=0.0, structural_importance=0.0, raw_json={'timestamp': '19:00:00', 'price_level': 23526.0, 'movement_type': 'open'})",
    "RichNodeFeature(time_minutes=-420.0, daily_phase_sin=1.2246467991473532e-16, daily_phase_cos=-1.0, session_position=-1.4046822742474916, time_to_close=719.0, weekend_proximity=0.42857142857142855, absolute_timestamp=1753743600, day_of_week=1, month_phase=0.9354838709677419, normalized_price=0.235475, price_delta_1m=0.023212218321556243, price_delta_5m=0.005557891356037152, price_delta_15m=0.0007738996759207831, volatility_window=0.012796597907569245, energy_state=0.148, contamination_coefficient=0, fisher_regime=0, session_character=0, cross_tf_confluence=1.0, event_type_id=1, timeframe_source=0, liquidity_type=0, fpfvg_gap_size=0.0, fpfvg_interaction_count=0, first_presentation_flag=0.0, pd_array_strength=0.0, structural_importance=0.0, raw_json={'timestamp': '12:00:00', 'price_level': 23547.5, 'movement_type': 'session_high'})",
    "RichNodeFeature(time_minutes=-390.0, daily_phase_sin=-0.13052619222005132, daily_phase_cos=-0.9914448613738105, session_position=-1.3043478260869565, time_to_close=689.0, weekend_proximity=0.42857142857142855, absolute_timestamp=1753743600, day_of_week=1, month_phase=0.9354838709677419, normalized_price=0.235165, price_delta_1m=-0.0010748195986719485, price_delta_5m=0.014051403730553406, price_delta_15m=0.0005495136152198529, volatility_window=0.019000634264371777, energy_state=0.148, contamination_coefficient=0, fisher_regime=0, session_character=0, cross_tf_confluence=1.0, event_type_id=2, timeframe_source=0, liquidity_type=0, fpfvg_gap_size=0.0, fpfvg_interaction_count=0, first_presentation_flag=0.0, pd_array_strength=0.0, structural_importance=0.0, raw_json={'timestamp': '12:30:00', 'price_level': 23516.5, 'movement_type': 'session_low'})",
    "RichNodeFeature(time_minutes=296.0, daily_phase_sin=-0.01745240643728445, daily_phase_cos=0.9998476951563913, session_position=0.9899665551839465, time_to_close=3.0, weekend_proximity=0.42857142857142855, absolute_timestamp=1753743600, day_of_week=1, month_phase=0.9354838709677419, normalized_price=0.2354325, price_delta_1m=-0.0019741529059835996, price_delta_5m=-0.0022908935726099794, price_delta_15m=-0.009597763037695344, volatility_window=0.03803626548521024, energy_state=0.148, contamination_coefficient=0, fisher_regime=0, session_character=0, cross_tf_confluence=1.0, event_type_id=3, timeframe_source=0, liquidity_type=0, fpfvg_gap_size=0.0, fpfvg_interaction_count=0, first_presentation_flag=0.0, pd_array_strength=0.0, structural_importance=0.0, raw_json={'timestamp': '23:56:00', 'price_level': 23543.25, 'movement_type': 'close'})",
    "RichNodeFeature(time_minutes=1.0, daily_phase_sin=-0.9647873238288129, daily_phase_cos=0.26303121445797495, session_position=0.0033444816053511705, time_to_close=298.0, weekend_proximity=0.42857142857142855, absolute_timestamp=1753743600, day_of_week=1, month_phase=0.9354838709677419, normalized_price=0.23529, price_delta_1m=0.01494025384634538, price_delta_5m=-0.006006170523071958, price_delta_15m=0.00026726631270828, volatility_window=0.03486755807977227, energy_state=0.148, contamination_coefficient=0, fisher_regime=0, session_character=0, cross_tf_confluence=1.0, event_type_id=4, timeframe_source=0, liquidity_type=0, fpfvg_gap_size=0.0, fpfvg_interaction_count=0, first_presentation_flag=0.0, pd_array_strength=0.0, structural_importance=0.0, raw_json={'timestamp': '19:01:00', 'price': 23529.0, 'action': 'sweep', 'context': \"Previous day's New York AM session high taken\"})",
