{
  "nodes": {
    "1m": [
      0,
      1,
      2,
      3,
      4,
      5,
      6,
      7,
      8,
      9,
      10,
      11,
      12,
      13,
      14,
      15
    ],
    "5m": [],
    "15m": [],
    "1h": [
      16
    ],
    "D": [],
    "W": []
  },
  "rich_node_features": [
    "RichNodeFeature(time_minutes=0.0, daily_phase_sin=-0.9659258262890682, daily_phase_cos=0.2588190451025212, session_position=0.0, time_to_close=299.0, weekend_proximity=0.42857142857142855, absolute_timestamp=1753743600, day_of_week=1, month_phase=0.9354838709677419, normalized_price=0.23526, price_delta_1m=0.008071231595569628, price_delta_5m=0.009517758874259943, price_delta_15m=0.01013689578671609, volatility_window=0.04405158125303362, energy_state=0.148, contamination_coefficient=0, fisher_regime=0, session_character=0, cross_tf_confluence=1.0, event_type_id=0, timeframe_source=0, liquidity_type=0, fpfvg_gap_size=0.0, fpfvg_interaction_count=0, first_presentation_flag=0.0, pd_array_strength=0.0, structural_importance=0.0, raw_json={'timestamp': '19:00:00', 'price_level': 23526.0, 'movement_type': 'open'})",
    "RichNodeFeature(time_minutes=-420.0, daily_phase_sin=1.2246467991473532e-16, daily_phase_cos=-1.0, session_position=-1.4046822742474916, time_to_close=719.0, weekend_proximity=0.42857142857142855, absolute_timestamp=1753743600, day_of_week=1, month_phase=0.9354838709677419, normalized_price=0.235475, price_delta_1m=0.02241621263033058, price_delta_5m=-0.011485044953491428, price_delta_15m=-0.016794424586104206, volatility_window=0.025607426273959445, energy_state=0.148, contamination_coefficient=0, fisher_regime=0, session_character=0, cross_tf_confluence=1.0, event_type_id=1, timeframe_source=0, liquidity_type=0, fpfvg_gap_size=0.0, fpfvg_interaction_count=0, first_presentation_flag=0.0, pd_array_strength=0.0, structural_importance=0.0, raw_json={'timestamp': '12:00:00', 'price_level': 23547.5, 'movement_type': 'session_high'})",
    "RichNodeFeature(time_minutes=-390.0, daily_phase_sin=-0.13052619222005132, daily_phase_cos=-0.9914448613738105, session_position=-1.3043478260869565, time_to_close=689.0, weekend_proximity=0.42857142857142855, absolute_timestamp=1753743600, day_of_week=1, month_phase=0.9354838709677419, normalized_price=0.235165, price_delta_1m=-0.004134746650215641, price_delta_5m=0.006648334641807571, price_delta_15m=-0.0047993269091781525, volatility_window=0.04171087052856679, energy_state=0.148, contamination_coefficient=0, fisher_regime=0, session_character=0, cross_tf_confluence=1.0, event_type_id=2, timeframe_source=0, liquidity_type=0, fpfvg_gap_size=0.0, fpfvg_interaction_count=0, first_presentation_flag=0.0, pd_array_strength=0.0, structural_importance=0.0, raw_json={'timestamp': '12:30:00', 'price_level': 23516.5, 'movement_type': 'session_low'})",
    "RichNodeFeature(time_minutes=299.0, daily_phase_sin=-0.004363309284747432, daily_phase_cos=0.9999904807207345, session_position=1.0, time_to_close=0, weekend_proximity=0.42857142857142855, absolute_timestamp=1753743600, day_of_week=1, month_phase=0.9354838709677419, normalized_price=0.2354325, price_delta_1m=-0.005094166072398617, price_delta_5m=-0.001654069242914804, price_delta_15m=0.009685123691376182, volatility_window=0.0430130513418341, energy_state=0.148, contamination_coefficient=0, fisher_regime=0, session_character=0, cross_tf_confluence=1.0, event_type_id=3, timeframe_source=0, liquidity_type=0, fpfvg_gap_size=0.0, fpfvg_interaction_count=0, first_presentation_flag=0.0, pd_array_strength=0.0, structural_importance=0.0, raw_json={'timestamp': '23:59:00', 'price_level': 23543.25, 'movement_type': 'close'})",
    "RichNodeFeature(time_minutes=0.0, daily_phase_sin=-0.9659258262890682, daily_phase_cos=0.2588190451025212, session_position=0.0, time_to_close=299.0, weekend_proximity=0.42857142857142855, absolute_timestamp=1753743600, day_of_week=1, month_phase=0.9354838709677419, normalized_price=0.23526, price_delta_1m=-0.00018431223522433836, price_delta_5m=0.0110580476742112, price_delta_15m=-0.008718550962424075, volatility_window=0.03453480905397956, energy_state=0.148, contamination_coefficient=0, fisher_regime=0, session_character=0, cross_tf_confluence=1.0, event_type_id=0, timeframe_source=0, liquidity_type=0, fpfvg_gap_size=0.0, fpfvg_interaction_count=0, first_presentation_flag=0.0, pd_array_strength=0.0, structural_importance=0.0, raw_json={'timestamp': '19:00:00', 'price_level': 23526.0, 'movement_type': 'open'})",
    "RichNodeFeature(time_minutes=-420.0, daily_phase_sin=1.2246467991473532e-16, daily_phase_cos=-1.0, session_position=-1.4046822742474916, time_to_close=719.0, weekend_proximity=0.42857142857142855, absolute_timestamp=1753743600, day_of_week=1, month_phase=0.9354838709677419, normalized_price=0.235475, price_delta_1m=0.009436182425321625, price_delta_5m=-0.020297164680992855, price_delta_15m=5.248203137685761e-05, volatility_window=0.02134529348402103, energy_state=0.148, contamination_coefficient=0, fisher_regime=0, session_character=0, cross_tf_confluence=1.0, event_type_id=1, timeframe_source=0, liquidity_type=0, fpfvg_gap_size=0.0, fpfvg_interaction_count=0, first_presentation_flag=0.0, pd_array_strength=0.0, structural_importance=0.0, raw_json={'timestamp': '12:00:00', 'price_level': 23547.5, 'movement_type': 'session_high'})",
    "RichNodeFeature(time_minutes=-390.0, daily_phase_sin=-0.13052619222005132, daily_phase_cos=-0.9914448613738105, session_position=-1.3043478260869565, time_to_close=689.0, weekend_proximity=0.42857142857142855, absolute_timestamp=1753743600, day_of_week=1, month_phase=0.9354838709677419, normalized_price=0.235165, price_delta_1m=0.0024291365195773106, price_delta_5m=-0.0015191074005033297, price_delta_15m=0.004051843788216468, volatility_window=0.028199950388579288, energy_state=0.148, contamination_coefficient=0, fisher_regime=0, session_character=0, cross_tf_confluence=1.0, event_type_id=2, timeframe_source=0, liquidity_type=0, fpfvg_gap_size=0.0, fpfvg_interaction_count=0, first_presentation_flag=0.0, pd_array_strength=0.0, structural_importance=0.0, raw_json={'timestamp': '12:30:00', 'price_level': 23516.5, 'movement_type': 'session_low'})",
    "RichNodeFeature(time_minutes=296.0, daily_phase_sin=-0.01745240643728445, daily_phase_cos=0.9998476951563913, session_position=0.9899665551839465, time_to_close=3.0, weekend_proximity=0.42857142857142855, absolute_timestamp=1753743600, day_of_week=1, month_phase=0.9354838709677419, normalized_price=0.2354325, price_delta_1m=-0.0021346128294383506, price_delta_5m=-0.0020193130439756703, price_delta_15m=0.008308042190212764, volatility_window=0.0170462806660152, energy_state=0.148, contamination_coefficient=0, fisher_regime=0, session_character=0, cross_tf_confluence=1.0, event_type_id=3, timeframe_source=0, liquidity_type=0, fpfvg_gap_size=0.0, fpfvg_interaction_count=0, first_presentation_flag=0.0, pd_array_strength=0.0, structural_importance=0.0, raw_json={'timestamp': '23:56:00', 'price_level': 23543.25, 'movement_type': 'close'})",
    "RichNodeFeature(time_minutes=1.0, daily_phase_sin=-0.9647873238288129, daily_phase_cos=0.26303121445797495, session_position=0.0033444816053511705, time_to_close=298.0, weekend_proximity=0.42857142857142855, absolute_timestamp=1753743600, day_of_week=1, month_phase=0.9354838709677419, normalized_price=0.23529, price_delta_1m=-0.0031309927162698615, price_delta_5m=0.0010206533675014965, price_delta_15m=-0.01643433532745, volatility_window=0.04213725862898387, energy_state=0.148, contamination_coefficient=0, fisher_regime=0, session_character=0, cross_tf_confluence=1.0, event_type_id=4, timeframe_source=0, liquidity_type=0, fpfvg_gap_size=0.0, fpfvg_interaction_count=0, first_presentation_flag=0.0, pd_array_strength=0.0, structural_importance=0.0, raw_json={'timestamp': '19:01:00', 'price': 23529.0, 'action': 'sweep', 'context': \"Previous day's New York AM session high taken\"})",
