{
  "nodes": {
    "1m": [
      0,
      1,
      2,
      3,
      4,
      5,
      6,
      7,
      8,
      9,
      10,
      11,
      12,
      13,
      14,
      15
    ],
    "5m": [],
    "15m": [],
    "1h": [
      16
    ],
    "D": [],
    "W": []
  },
  "rich_node_features": [
    "RichNodeFeature(time_minutes=0.0, daily_phase_sin=1.2246467991473532e-16, daily_phase_cos=-1.0, session_position=0.0, time_to_close=59.0, weekend_proximity=0.42857142857142855, absolute_timestamp=1753830000, day_of_week=2, month_phase=0.967741935483871, normalized_price=0.2352975, price_delta_1m=0.005962134470882181, price_delta_5m=0.008526650127083021, price_delta_15m=0.008532770153099714, volatility_window=0.029047368023645603, energy_state=0.0295, contamination_coefficient=0, fisher_regime=0, session_character=0, cross_tf_confluence=1.0, event_type_id=0, timeframe_source=0, liquidity_type=0, fpfvg_gap_size=0.0, fpfvg_interaction_count=0, first_presentation_flag=0.0, pd_array_strength=0.0, structural_importance=0.0, raw_json={'timestamp': '12:00:00', 'price_level': 23529.75, 'movement_type': 'open'})",
    "RichNodeFeature(time_minutes=0.0, daily_phase_sin=1.2246467991473532e-16, daily_phase_cos=-1.0, session_position=0.0, time_to_close=59.0, weekend_proximity=0.42857142857142855, absolute_timestamp=1753830000, day_of_week=2, month_phase=0.967741935483871, normalized_price=0.23547, price_delta_1m=0.007087257911808839, price_delta_5m=-0.010265433917538355, price_delta_15m=-0.009886060681113765, volatility_window=0.037634787190784856, energy_state=0.0295, contamination_coefficient=0, fisher_regime=0, session_character=0, cross_tf_confluence=1.0, event_type_id=1, timeframe_source=0, liquidity_type=0, fpfvg_gap_size=0.0, fpfvg_interaction_count=0, first_presentation_flag=0.0, pd_array_strength=0.0, structural_importance=0.0, raw_json={'timestamp': '12:00:00', 'price_level': 23547.0, 'movement_type': 'session_high'})",
    "RichNodeFeature(time_minutes=30.0, daily_phase_sin=-0.13052619222005132, daily_phase_cos=-0.9914448613738105, session_position=0.5084745762711864, time_to_close=29.0, weekend_proximity=0.42857142857142855, absolute_timestamp=1753830000, day_of_week=2, month_phase=0.967741935483871, normalized_price=0.2351675, price_delta_1m=-0.0026338657937004534, price_delta_5m=0.010311755293302053, price_delta_15m=-0.0047654934169558604, volatility_window=0.019165496933196496, energy_state=0.0295, contamination_coefficient=0, fisher_regime=0, session_character=0, cross_tf_confluence=1.0, event_type_id=2, timeframe_source=0, liquidity_type=0, fpfvg_gap_size=0.0, fpfvg_interaction_count=0, first_presentation_flag=0.0, pd_array_strength=0.0, structural_importance=0.0, raw_json={'timestamp': '12:30:00', 'price_level': 23516.75, 'movement_type': 'session_low'})",
    "RichNodeFeature(time_minutes=59.0, daily_phase_sin=-0.25460194820552745, daily_phase_cos=-0.9670459389139432, session_position=1.0, time_to_close=0, weekend_proximity=0.42857142857142855, absolute_timestamp=1753830000, day_of_week=2, month_phase=0.967741935483871, normalized_price=0.23534, price_delta_1m=-0.0034947715754444176, price_delta_5m=-0.006647486694957651, price_delta_15m=-0.015436512423343453, volatility_window=0.014887111336771956, energy_state=0.0295, contamination_coefficient=0, fisher_regime=0, session_character=0, cross_tf_confluence=1.0, event_type_id=3, timeframe_source=0, liquidity_type=0, fpfvg_gap_size=0.0, fpfvg_interaction_count=0, first_presentation_flag=0.0, pd_array_strength=0.0, structural_importance=0.0, raw_json={'timestamp': '12:59:00', 'price_level': 23534.0, 'movement_type': 'close'})",
    "RichNodeFeature(time_minutes=0.0, daily_phase_sin=1.2246467991473532e-16, daily_phase_cos=-1.0, session_position=0.0, time_to_close=59.0, weekend_proximity=0.42857142857142855, absolute_timestamp=1753830000, day_of_week=2, month_phase=0.967741935483871, normalized_price=0.2352975, price_delta_1m=0.013326261583720711, price_delta_5m=-0.014769723297892303, price_delta_15m=-0.006845376656918168, volatility_window=0.012346054070542043, energy_state=0.0295, contamination_coefficient=0, fisher_regime=0, session_character=0, cross_tf_confluence=1.0, event_type_id=0, timeframe_source=0, liquidity_type=0, fpfvg_gap_size=0.0, fpfvg_interaction_count=0, first_presentation_flag=0.0, pd_array_strength=0.0, structural_importance=0.0, raw_json={'timestamp': '12:00:00', 'price_level': 23529.75, 'movement_type': 'open'})",
    "RichNodeFeature(time_minutes=0.0, daily_phase_sin=1.2246467991473532e-16, daily_phase_cos=-1.0, session_position=0.0, time_to_close=59.0, weekend_proximity=0.42857142857142855, absolute_timestamp=1753830000, day_of_week=2, month_phase=0.967741935483871, normalized_price=0.23547, price_delta_1m=-0.0015618447992519497, price_delta_5m=0.009579132367653948, price_delta_15m=-0.012145389583761178, volatility_window=0.01944708526773789, energy_state=0.0295, contamination_coefficient=0, fisher_regime=0, session_character=0, cross_tf_confluence=1.0, event_type_id=1, timeframe_source=0, liquidity_type=0, fpfvg_gap_size=0.0, fpfvg_interaction_count=0, first_presentation_flag=0.0, pd_array_strength=0.0, structural_importance=0.0, raw_json={'timestamp': '12:00:00', 'price_level': 23547.0, 'movement_type': 'session_high'})",
    "RichNodeFeature(time_minutes=30.0, daily_phase_sin=-0.13052619222005132, daily_phase_cos=-0.9914448613738105, session_position=0.5084745762711864, time_to_close=29.0, weekend_proximity=0.42857142857142855, absolute_timestamp=1753830000, day_of_week=2, month_phase=0.967741935483871, normalized_price=0.2351675, price_delta_1m=-0.00308182699075128, price_delta_5m=0.0011327181366824338, price_delta_15m=-0.007475914702321162, volatility_window=0.015386574262375143, energy_state=0.0295, contamination_coefficient=0, fisher_regime=0, session_character=0, cross_tf_confluence=1.0, event_type_id=2, timeframe_source=0, liquidity_type=0, fpfvg_gap_size=0.0, fpfvg_interaction_count=0, first_presentation_flag=0.0, pd_array_strength=0.0, structural_importance=0.0, raw_json={'timestamp': '12:30:00', 'price_level': 23516.75, 'movement_type': 'session_low'})",
    "RichNodeFeature(time_minutes=59.0, daily_phase_sin=-0.25460194820552745, daily_phase_cos=-0.9670459389139432, session_position=1.0, time_to_close=0, weekend_proximity=0.42857142857142855, absolute_timestamp=1753830000, day_of_week=2, month_phase=0.967741935483871, normalized_price=0.23534, price_delta_1m=-0.0005935610950659769, price_delta_5m=-0.012900246657771754, price_delta_15m=0.01637383144913053, volatility_window=0.042908356773631084, energy_state=0.0295, contamination_coefficient=0, fisher_regime=0, session_character=0, cross_tf_confluence=1.0, event_type_id=3, timeframe_source=0, liquidity_type=0, fpfvg_gap_size=0.0, fpfvg_interaction_count=0, first_presentation_flag=0.0, pd_array_strength=0.0, structural_importance=0.0, raw_json={'timestamp': '12:59:00', 'price_level': 23534.0, 'movement_type': 'close'})",
    "RichNodeFeature(time_minutes=3.0, daily_phase_sin=-0.013089595571344391, daily_phase_cos=-0.999914327574007, session_position=0.05084745762711865, time_to_close=56.0, weekend_proximity=0.42857142857142855, absolute_timestamp=1753830000, day_of_week=2, month_phase=0.967741935483871, normalized_price=0.2351675, price_delta_1m=0.012606442782002486, price_delta_5m=-0.007728135003562331, price_delta_15m=-0.010869875554268207, volatility_window=0.03485626294090038, energy_state=0.0295, contamination_coefficient=0, fisher_regime=0, session_character=0, cross_tf_confluence=1.0, event_type_id=4, timeframe_source=0, liquidity_type=0, fpfvg_gap_size=0.0, fpfvg_interaction_count=0, first_presentation_flag=0.0, pd_array_strength=0.0, structural_importance=0.0, raw_json={'timestamp': '12:03:00', 'price': 23516.75, 'action': 'touch', 'context': 'Lunch session low created during initial consolidation'})",
