{
  "nodes": {
    "1m": [
      0,
      1,
      2,
      3,
      4,
      5,
      6,
      7,
      8,
      9,
      10,
      11,
      12,
      13,
      14,
      15
    ],
    "5m": [],
    "15m": [],
    "1h": [
      16
    ],
    "D": [],
    "W": []
  },
  "rich_node_features": [
    "RichNodeFeature(time_minutes=0.0, daily_phase_sin=1.2246467991473532e-16, daily_phase_cos=-1.0, session_position=0.0, time_to_close=59.0, weekend_proximity=0.42857142857142855, absolute_timestamp=1753830000, day_of_week=2, month_phase=0.967741935483871, normalized_price=0.2352975, price_delta_1m=-0.00010203493130842459, price_delta_5m=-0.0007592736006408898, price_delta_15m=0.003942595366382559, volatility_window=0.014441924616138767, energy_state=0.0295, contamination_coefficient=0, fisher_regime=0, session_character=0, cross_tf_confluence=1.0, event_type_id=0, timeframe_source=0, liquidity_type=0, fpfvg_gap_size=0.0, fpfvg_interaction_count=0, first_presentation_flag=0.0, pd_array_strength=0.0, structural_importance=0.0, raw_json={'timestamp': '12:00:00', 'price_level': 23529.75, 'movement_type': 'open'})",
    "RichNodeFeature(time_minutes=0.0, daily_phase_sin=1.2246467991473532e-16, daily_phase_cos=-1.0, session_position=0.0, time_to_close=59.0, weekend_proximity=0.42857142857142855, absolute_timestamp=1753830000, day_of_week=2, month_phase=0.967741935483871, normalized_price=0.23547, price_delta_1m=-0.0042088359212799275, price_delta_5m=-0.00048756609260445317, price_delta_15m=-0.0039460048980254165, volatility_window=0.038796252805667016, energy_state=0.0295, contamination_coefficient=0, fisher_regime=0, session_character=0, cross_tf_confluence=1.0, event_type_id=1, timeframe_source=0, liquidity_type=0, fpfvg_gap_size=0.0, fpfvg_interaction_count=0, first_presentation_flag=0.0, pd_array_strength=0.0, structural_importance=0.0, raw_json={'timestamp': '12:00:00', 'price_level': 23547.0, 'movement_type': 'session_high'})",
    "RichNodeFeature(time_minutes=30.0, daily_phase_sin=-0.13052619222005132, daily_phase_cos=-0.9914448613738105, session_position=0.5084745762711864, time_to_close=29.0, weekend_proximity=0.42857142857142855, absolute_timestamp=1753830000, day_of_week=2, month_phase=0.967741935483871, normalized_price=0.2351675, price_delta_1m=0.0037824012302896917, price_delta_5m=0.006599667817412882, price_delta_15m=0.003980382991187739, volatility_window=0.01863493232738148, energy_state=0.0295, contamination_coefficient=0, fisher_regime=0, session_character=0, cross_tf_confluence=1.0, event_type_id=2, timeframe_source=0, liquidity_type=0, fpfvg_gap_size=0.0, fpfvg_interaction_count=0, first_presentation_flag=0.0, pd_array_strength=0.0, structural_importance=0.0, raw_json={'timestamp': '12:30:00', 'price_level': 23516.75, 'movement_type': 'session_low'})",
    "RichNodeFeature(time_minutes=59.0, daily_phase_sin=-0.25460194820552745, daily_phase_cos=-0.9670459389139432, session_position=1.0, time_to_close=0, weekend_proximity=0.42857142857142855, absolute_timestamp=1753830000, day_of_week=2, month_phase=0.967741935483871, normalized_price=0.23534, price_delta_1m=-0.009488185652061679, price_delta_5m=-0.001583430334099, price_delta_15m=-0.0026174785861283003, volatility_window=0.04808791478531342, energy_state=0.0295, contamination_coefficient=0, fisher_regime=0, session_character=0, cross_tf_confluence=1.0, event_type_id=3, timeframe_source=0, liquidity_type=0, fpfvg_gap_size=0.0, fpfvg_interaction_count=0, first_presentation_flag=0.0, pd_array_strength=0.0, structural_importance=0.0, raw_json={'timestamp': '12:59:00', 'price_level': 23534.0, 'movement_type': 'close'})",
    "RichNodeFeature(time_minutes=0.0, daily_phase_sin=1.2246467991473532e-16, daily_phase_cos=-1.0, session_position=0.0, time_to_close=59.0, weekend_proximity=0.42857142857142855, absolute_timestamp=1753830000, day_of_week=2, month_phase=0.967741935483871, normalized_price=0.2352975, price_delta_1m=0.015515838976944234, price_delta_5m=0.02005440335467872, price_delta_15m=0.00803102056272975, volatility_window=0.036631978831872414, energy_state=0.0295, contamination_coefficient=0, fisher_regime=0, session_character=0, cross_tf_confluence=1.0, event_type_id=0, timeframe_source=0, liquidity_type=0, fpfvg_gap_size=0.0, fpfvg_interaction_count=0, first_presentation_flag=0.0, pd_array_strength=0.0, structural_importance=0.0, raw_json={'timestamp': '12:00:00', 'price_level': 23529.75, 'movement_type': 'open'})",
    "RichNodeFeature(time_minutes=0.0, daily_phase_sin=1.2246467991473532e-16, daily_phase_cos=-1.0, session_position=0.0, time_to_close=59.0, weekend_proximity=0.42857142857142855, absolute_timestamp=1753830000, day_of_week=2, month_phase=0.967741935483871, normalized_price=0.23547, price_delta_1m=0.01839573571262816, price_delta_5m=0.002246929109491074, price_delta_15m=-0.008473436674990013, volatility_window=0.04276622715328636, energy_state=0.0295, contamination_coefficient=0, fisher_regime=0, session_character=0, cross_tf_confluence=1.0, event_type_id=1, timeframe_source=0, liquidity_type=0, fpfvg_gap_size=0.0, fpfvg_interaction_count=0, first_presentation_flag=0.0, pd_array_strength=0.0, structural_importance=0.0, raw_json={'timestamp': '12:00:00', 'price_level': 23547.0, 'movement_type': 'session_high'})",
    "RichNodeFeature(time_minutes=30.0, daily_phase_sin=-0.13052619222005132, daily_phase_cos=-0.9914448613738105, session_position=0.5084745762711864, time_to_close=29.0, weekend_proximity=0.42857142857142855, absolute_timestamp=1753830000, day_of_week=2, month_phase=0.967741935483871, normalized_price=0.2351675, price_delta_1m=0.008074080601905113, price_delta_5m=-0.008727273029455663, price_delta_15m=-0.014092227393017255, volatility_window=0.018210751860170786, energy_state=0.0295, contamination_coefficient=0, fisher_regime=0, session_character=0, cross_tf_confluence=1.0, event_type_id=2, timeframe_source=0, liquidity_type=0, fpfvg_gap_size=0.0, fpfvg_interaction_count=0, first_presentation_flag=0.0, pd_array_strength=0.0, structural_importance=0.0, raw_json={'timestamp': '12:30:00', 'price_level': 23516.75, 'movement_type': 'session_low'})",
    "RichNodeFeature(time_minutes=59.0, daily_phase_sin=-0.25460194820552745, daily_phase_cos=-0.9670459389139432, session_position=1.0, time_to_close=0, weekend_proximity=0.42857142857142855, absolute_timestamp=1753830000, day_of_week=2, month_phase=0.967741935483871, normalized_price=0.23534, price_delta_1m=0.006838264547307519, price_delta_5m=0.020777650681420047, price_delta_15m=-0.0013132605028200095, volatility_window=0.015172531448258676, energy_state=0.0295, contamination_coefficient=0, fisher_regime=0, session_character=0, cross_tf_confluence=1.0, event_type_id=3, timeframe_source=0, liquidity_type=0, fpfvg_gap_size=0.0, fpfvg_interaction_count=0, first_presentation_flag=0.0, pd_array_strength=0.0, structural_importance=0.0, raw_json={'timestamp': '12:59:00', 'price_level': 23534.0, 'movement_type': 'close'})",
    "RichNodeFeature(time_minutes=3.0, daily_phase_sin=-0.013089595571344391, daily_phase_cos=-0.999914327574007, session_position=0.05084745762711865, time_to_close=56.0, weekend_proximity=0.42857142857142855, absolute_timestamp=1753830000, day_of_week=2, month_phase=0.967741935483871, normalized_price=0.2351675, price_delta_1m=-0.0039991116195258565, price_delta_5m=-0.011028278077502545, price_delta_15m=-0.0008130443891583781, volatility_window=0.01727595423046056, energy_state=0.0295, contamination_coefficient=0, fisher_regime=0, session_character=0, cross_tf_confluence=1.0, event_type_id=4, timeframe_source=0, liquidity_type=0, fpfvg_gap_size=0.0, fpfvg_interaction_count=0, first_presentation_flag=0.0, pd_array_strength=0.0, structural_importance=0.0, raw_json={'timestamp': '12:03:00', 'price': 23516.75, 'action': 'touch', 'context': 'Lunch session low created during initial consolidation'})",
