{
  "nodes": {
    "1m": [
      0,
      1,
      2,
      3,
      4,
      5,
      6,
      7,
      8,
      9,
      10
    ],
    "5m": [],
    "15m": [],
    "1h": [
      11,
      12
    ],
    "D": [],
    "W": []
  },
  "rich_node_features": [
    "RichNodeFeature(time_minutes=0.0, daily_phase_sin=0.0, daily_phase_cos=1.0, session_position=0.0, time_to_close=29.0, weekend_proximity=0.14285714285714285, absolute_timestamp=1753398000, day_of_week=4, month_phase=0.8064516129032258, normalized_price=0.234285, price_delta_1m=-0.019311744101149143, price_delta_5m=0.012786777961588646, price_delta_15m=-0.008521420902374352, volatility_window=0.0377270685989048, energy_state=0.0145, contamination_coefficient=0, fisher_regime=0, session_character=0, cross_tf_confluence=1.0, event_type_id=0, timeframe_source=0, liquidity_type=0, fpfvg_gap_size=0.0, fpfvg_interaction_count=0, first_presentation_flag=0.0, pd_array_strength=0.0, structural_importance=0.0, raw_json={'timestamp': '00:00:00', 'price_level': 23428.5, 'movement_type': 'open'})",
    "RichNodeFeature(time_minutes=720.0, daily_phase_sin=1.2246467991473532e-16, daily_phase_cos=-1.0, session_position=24.82758620689655, time_to_close=0, weekend_proximity=0.14285714285714285, absolute_timestamp=1753398000, day_of_week=4, month_phase=0.8064516129032258, normalized_price=0.2343175, price_delta_1m=0.018841916472055638, price_delta_5m=0.021595049603182807, price_delta_15m=-0.003986388479318687, volatility_window=0.03572618998661784, energy_state=0.0145, contamination_coefficient=0, fisher_regime=0, session_character=0, cross_tf_confluence=1.0, event_type_id=1, timeframe_source=0, liquidity_type=0, fpfvg_gap_size=0.0, fpfvg_interaction_count=0, first_presentation_flag=0.0, pd_array_strength=0.0, structural_importance=0.0, raw_json={'timestamp': '12:00:00', 'price_level': 23431.75, 'movement_type': 'session_high'})",
    "RichNodeFeature(time_minutes=750.0, daily_phase_sin=-0.13052619222005132, daily_phase_cos=-0.9914448613738105, session_position=25.862068965517242, time_to_close=0, weekend_proximity=0.14285714285714285, absolute_timestamp=1753398000, day_of_week=4, month_phase=0.8064516129032258, normalized_price=0.234215, price_delta_1m=-0.02764458770495527, price_delta_5m=-0.0034645667296073213, price_delta_15m=-0.022114673940833735, volatility_window=0.04694706913167944, energy_state=0.0145, contamination_coefficient=0, fisher_regime=0, session_character=0, cross_tf_confluence=1.0, event_type_id=2, timeframe_source=0, liquidity_type=0, fpfvg_gap_size=0.0, fpfvg_interaction_count=0, first_presentation_flag=0.0, pd_array_strength=0.0, structural_importance=0.0, raw_json={'timestamp': '12:30:00', 'price_level': 23421.5, 'movement_type': 'session_low'})",
    "RichNodeFeature(time_minutes=29.0, daily_phase_sin=0.12619896913582976, daily_phase_cos=0.992004949679715, session_position=1.0, time_to_close=0, weekend_proximity=0.14285714285714285, absolute_timestamp=1753398000, day_of_week=4, month_phase=0.8064516129032258, normalized_price=0.234225, price_delta_1m=0.00045624568771328116, price_delta_5m=-0.017716472759916446, price_delta_15m=0.002582881499897225, volatility_window=0.04475243292694717, energy_state=0.0145, contamination_coefficient=0, fisher_regime=0, session_character=0, cross_tf_confluence=1.0, event_type_id=3, timeframe_source=0, liquidity_type=0, fpfvg_gap_size=0.0, fpfvg_interaction_count=0, first_presentation_flag=0.0, pd_array_strength=0.0, structural_importance=0.0, raw_json={'timestamp': '00:29:00', 'price_level': 23422.5, 'movement_type': 'close'})",
    "RichNodeFeature(time_minutes=0.0, daily_phase_sin=0.0, daily_phase_cos=1.0, session_position=0.0, time_to_close=29.0, weekend_proximity=0.14285714285714285, absolute_timestamp=1753398000, day_of_week=4, month_phase=0.8064516129032258, normalized_price=0.234285, price_delta_1m=0.0017803167574526144, price_delta_5m=0.006826203183573083, price_delta_15m=-0.005000433296930086, volatility_window=0.03414579096999243, energy_state=0.0145, contamination_coefficient=0, fisher_regime=0, session_character=0, cross_tf_confluence=1.0, event_type_id=0, timeframe_source=0, liquidity_type=0, fpfvg_gap_size=0.0, fpfvg_interaction_count=0, first_presentation_flag=0.0, pd_array_strength=0.0, structural_importance=0.0, raw_json={'timestamp': '00:00:00', 'price_level': 23428.5, 'movement_type': 'open'})",
    "RichNodeFeature(time_minutes=720.0, daily_phase_sin=1.2246467991473532e-16, daily_phase_cos=-1.0, session_position=24.82758620689655, time_to_close=0, weekend_proximity=0.14285714285714285, absolute_timestamp=1753398000, day_of_week=4, month_phase=0.8064516129032258, normalized_price=0.2343175, price_delta_1m=-0.013724538090296529, price_delta_5m=0.0028459762001665353, price_delta_15m=-0.0066479711035117, volatility_window=0.04772015401433124, energy_state=0.0145, contamination_coefficient=0, fisher_regime=0, session_character=0, cross_tf_confluence=1.0, event_type_id=1, timeframe_source=0, liquidity_type=0, fpfvg_gap_size=0.0, fpfvg_interaction_count=0, first_presentation_flag=0.0, pd_array_strength=0.0, structural_importance=0.0, raw_json={'timestamp': '12:00:00', 'price_level': 23431.75, 'movement_type': 'session_high'})",
    "RichNodeFeature(time_minutes=750.0, daily_phase_sin=-0.13052619222005132, daily_phase_cos=-0.9914448613738105, session_position=25.862068965517242, time_to_close=0, weekend_proximity=0.14285714285714285, absolute_timestamp=1753398000, day_of_week=4, month_phase=0.8064516129032258, normalized_price=0.234215, price_delta_1m=0.015714356577645697, price_delta_5m=0.012950596543821791, price_delta_15m=0.020468595273918578, volatility_window=0.03775255596980971, energy_state=0.0145, contamination_coefficient=0, fisher_regime=0, session_character=0, cross_tf_confluence=1.0, event_type_id=2, timeframe_source=0, liquidity_type=0, fpfvg_gap_size=0.0, fpfvg_interaction_count=0, first_presentation_flag=0.0, pd_array_strength=0.0, structural_importance=0.0, raw_json={'timestamp': '12:30:00', 'price_level': 23421.5, 'movement_type': 'session_low'})",
    "RichNodeFeature(time_minutes=29.0, daily_phase_sin=0.12619896913582976, daily_phase_cos=0.992004949679715, session_position=1.0, time_to_close=0, weekend_proximity=0.14285714285714285, absolute_timestamp=1753398000, day_of_week=4, month_phase=0.8064516129032258, normalized_price=0.234225, price_delta_1m=-0.004182160658650612, price_delta_5m=0.008501273730887347, price_delta_15m=0.008766350168066563, volatility_window=0.047034016239021176, energy_state=0.0145, contamination_coefficient=0, fisher_regime=0, session_character=0, cross_tf_confluence=1.0, event_type_id=3, timeframe_source=0, liquidity_type=0, fpfvg_gap_size=0.0, fpfvg_interaction_count=0, first_presentation_flag=0.0, pd_array_strength=0.0, structural_importance=0.0, raw_json={'timestamp': '00:29:00', 'price_level': 23422.5, 'movement_type': 'close'})",
    "RichNodeFeature(time_minutes=7.0, daily_phase_sin=0.03053851320982266, daily_phase_cos=0.9995335908367129, session_position=0.2413793103448276, time_to_close=22.0, weekend_proximity=0.14285714285714285, absolute_timestamp=1753398000, day_of_week=4, month_phase=0.8064516129032258, normalized_price=0.2342925, price_delta_1m=0.0037559298370159018, price_delta_5m=-0.017305105563307582, price_delta_15m=-0.0018122140509899104, volatility_window=0.040120310058801, energy_state=0.0145, contamination_coefficient=0, fisher_regime=0, session_character=0, cross_tf_confluence=1.0, event_type_id=4, timeframe_source=0, liquidity_type=0, fpfvg_gap_size=0.0, fpfvg_interaction_count=0, first_presentation_flag=0.0, pd_array_strength=0.0, structural_importance=0.0, raw_json={'timestamp': '00:07:00', 'price': 23429.25, 'action': 'touch', 'context': 'Midnight_OR_FVG_formation_premium_high'})",
