{
  "nodes": {
    "1m": [
      0,
      1,
      2,
      3,
      4,
      5,
      6,
      7,
      8,
      9,
      10,
      11
    ],
    "5m": [],
    "15m": [],
    "1h": [
      12
    ],
    "D": [],
    "W": []
  },
  "rich_node_features": [
    "RichNodeFeature(time_minutes=0.0, daily_phase_sin=0.0, daily_phase_cos=1.0, session_position=0.0, time_to_close=29.0, weekend_proximity=0.2857142857142857, absolute_timestamp=1753657200, day_of_week=0, month_phase=0.9032258064516129, normalized_price=0.2354925, price_delta_1m=-0.019523780315459826, price_delta_5m=-0.002821967664943593, price_delta_15m=-0.009259088563866348, volatility_window=0.03845391789350363, energy_state=0.0145, contamination_coefficient=0, fisher_regime=0, session_character=0, cross_tf_confluence=1.0, event_type_id=0, timeframe_source=0, liquidity_type=0, fpfvg_gap_size=0.0, fpfvg_interaction_count=0, first_presentation_flag=0.0, pd_array_strength=0.0, structural_importance=0.0, raw_json={'timestamp': '00:00:00', 'price_level': 23549.25, 'movement_type': 'open'})",
    "RichNodeFeature(time_minutes=720.0, daily_phase_sin=1.2246467991473532e-16, daily_phase_cos=-1.0, session_position=24.82758620689655, time_to_close=0, weekend_proximity=0.2857142857142857, absolute_timestamp=1753657200, day_of_week=0, month_phase=0.9032258064516129, normalized_price=0.235535, price_delta_1m=0.021850243354257292, price_delta_5m=-0.018588662134123128, price_delta_15m=-0.009410822873538862, volatility_window=0.035295826985877174, energy_state=0.0145, contamination_coefficient=0, fisher_regime=0, session_character=0, cross_tf_confluence=1.0, event_type_id=1, timeframe_source=0, liquidity_type=0, fpfvg_gap_size=0.0, fpfvg_interaction_count=0, first_presentation_flag=0.0, pd_array_strength=0.0, structural_importance=0.0, raw_json={'timestamp': '12:00:00', 'price_level': 23553.5, 'movement_type': 'session_high'})",
    "RichNodeFeature(time_minutes=750.0, daily_phase_sin=-0.13052619222005132, daily_phase_cos=-0.9914448613738105, session_position=25.862068965517242, time_to_close=0, weekend_proximity=0.2857142857142857, absolute_timestamp=1753657200, day_of_week=0, month_phase=0.9032258064516129, normalized_price=0.23545, price_delta_1m=0.006921469065735129, price_delta_5m=0.0009415372722801272, price_delta_15m=-0.0015240351538739262, volatility_window=0.04405548211798849, energy_state=0.0145, contamination_coefficient=0, fisher_regime=0, session_character=0, cross_tf_confluence=1.0, event_type_id=2, timeframe_source=0, liquidity_type=0, fpfvg_gap_size=0.0, fpfvg_interaction_count=0, first_presentation_flag=0.0, pd_array_strength=0.0, structural_importance=0.0, raw_json={'timestamp': '12:30:00', 'price_level': 23545.0, 'movement_type': 'session_low'})",
    "RichNodeFeature(time_minutes=29.0, daily_phase_sin=0.12619896913582976, daily_phase_cos=0.992004949679715, session_position=1.0, time_to_close=0, weekend_proximity=0.2857142857142857, absolute_timestamp=1753657200, day_of_week=0, month_phase=0.9032258064516129, normalized_price=0.23553, price_delta_1m=-0.0015541293589447533, price_delta_5m=-0.017659381158674534, price_delta_15m=0.0023766038836693926, volatility_window=0.03152616034430495, energy_state=0.0145, contamination_coefficient=0, fisher_regime=0, session_character=0, cross_tf_confluence=1.0, event_type_id=3, timeframe_source=0, liquidity_type=0, fpfvg_gap_size=0.0, fpfvg_interaction_count=0, first_presentation_flag=0.0, pd_array_strength=0.0, structural_importance=0.0, raw_json={'timestamp': '00:29:00', 'price_level': 23553.0, 'movement_type': 'close'})",
    "RichNodeFeature(time_minutes=0.0, daily_phase_sin=0.0, daily_phase_cos=1.0, session_position=0.0, time_to_close=29.0, weekend_proximity=0.2857142857142857, absolute_timestamp=1753657200, day_of_week=0, month_phase=0.9032258064516129, normalized_price=0.2354925, price_delta_1m=-0.015379695715555863, price_delta_5m=0.002270260910826387, price_delta_15m=-0.00024148955418147898, volatility_window=0.028530357649358976, energy_state=0.0145, contamination_coefficient=0, fisher_regime=0, session_character=0, cross_tf_confluence=1.0, event_type_id=0, timeframe_source=0, liquidity_type=0, fpfvg_gap_size=0.0, fpfvg_interaction_count=0, first_presentation_flag=0.0, pd_array_strength=0.0, structural_importance=0.0, raw_json={'timestamp': '00:00:00', 'price_level': 23549.25, 'movement_type': 'open'})",
    "RichNodeFeature(time_minutes=720.0, daily_phase_sin=1.2246467991473532e-16, daily_phase_cos=-1.0, session_position=24.82758620689655, time_to_close=0, weekend_proximity=0.2857142857142857, absolute_timestamp=1753657200, day_of_week=0, month_phase=0.9032258064516129, normalized_price=0.235535, price_delta_1m=-0.0011237592802618827, price_delta_5m=0.0008005084663616612, price_delta_15m=0.0029561465308156044, volatility_window=0.022065716896006383, energy_state=0.0145, contamination_coefficient=0, fisher_regime=0, session_character=0, cross_tf_confluence=1.0, event_type_id=1, timeframe_source=0, liquidity_type=0, fpfvg_gap_size=0.0, fpfvg_interaction_count=0, first_presentation_flag=0.0, pd_array_strength=0.0, structural_importance=0.0, raw_json={'timestamp': '12:00:00', 'price_level': 23553.5, 'movement_type': 'session_high'})",
    "RichNodeFeature(time_minutes=750.0, daily_phase_sin=-0.13052619222005132, daily_phase_cos=-0.9914448613738105, session_position=25.862068965517242, time_to_close=0, weekend_proximity=0.2857142857142857, absolute_timestamp=1753657200, day_of_week=0, month_phase=0.9032258064516129, normalized_price=0.23545, price_delta_1m=0.006100275068597374, price_delta_5m=-0.014091482737074253, price_delta_15m=0.01444209307858082, volatility_window=0.01662813894206011, energy_state=0.0145, contamination_coefficient=0, fisher_regime=0, session_character=0, cross_tf_confluence=1.0, event_type_id=2, timeframe_source=0, liquidity_type=0, fpfvg_gap_size=0.0, fpfvg_interaction_count=0, first_presentation_flag=0.0, pd_array_strength=0.0, structural_importance=0.0, raw_json={'timestamp': '12:30:00', 'price_level': 23545.0, 'movement_type': 'session_low'})",
    "RichNodeFeature(time_minutes=29.0, daily_phase_sin=0.12619896913582976, daily_phase_cos=0.992004949679715, session_position=1.0, time_to_close=0, weekend_proximity=0.2857142857142857, absolute_timestamp=1753657200, day_of_week=0, month_phase=0.9032258064516129, normalized_price=0.23553, price_delta_1m=0.012706942267576432, price_delta_5m=0.01080803079100621, price_delta_15m=0.0007179533550438994, volatility_window=0.04459681090389058, energy_state=0.0145, contamination_coefficient=0, fisher_regime=0, session_character=0, cross_tf_confluence=1.0, event_type_id=3, timeframe_source=0, liquidity_type=0, fpfvg_gap_size=0.0, fpfvg_interaction_count=0, first_presentation_flag=0.0, pd_array_strength=0.0, structural_importance=0.0, raw_json={'timestamp': '00:29:00', 'price_level': 23553.0, 'movement_type': 'close'})",
    "RichNodeFeature(time_minutes=1.0, daily_phase_sin=0.004363309284746571, daily_phase_cos=0.9999904807207345, session_position=0.034482758620689655, time_to_close=28.0, weekend_proximity=0.2857142857142857, absolute_timestamp=1753657200, day_of_week=0, month_phase=0.9032258064516129, normalized_price=0.23551, price_delta_1m=0.020006186992541572, price_delta_5m=-0.000851340960390241, price_delta_15m=-0.0032317565157472623, volatility_window=0.03753446839680303, energy_state=0.0145, contamination_coefficient=0, fisher_regime=0, session_character=0, cross_tf_confluence=1.0, event_type_id=4, timeframe_source=0, liquidity_type=0, fpfvg_gap_size=0.0, fpfvg_interaction_count=0, first_presentation_flag=0.0, pd_array_strength=0.0, structural_importance=0.0, raw_json={'timestamp': '00:01:00', 'price': 23551.0, 'action': 'touch', 'context': 'Midnight Opening Range first presentation FVG premium high created'})",
