{
  "nodes": {
    "1m": [
      0,
      1,
      2,
      3,
      4,
      5,
      6,
      7,
      8,
      9,
      10,
      11
    ],
    "5m": [],
    "15m": [
      12,
      13,
      14,
      15
    ],
    "1h": [],
    "D": [],
    "W": []
  },
  "rich_node_features": [
    "RichNodeFeature(time_minutes=0.0, daily_phase_sin=0.0, daily_phase_cos=1.0, session_position=0.0, time_to_close=29.0, weekend_proximity=0.42857142857142855, absolute_timestamp=1754434800, day_of_week=2, month_phase=0.1935483870967742, normalized_price=0.231665, price_delta_1m=0.02337946279749914, price_delta_5m=-0.012976940339197399, price_delta_15m=-0.016819364522760363, volatility_window=0.04372702210725524, energy_state=0.009859999999999999, contamination_coefficient=0, fisher_regime=0, session_character=0, cross_tf_confluence=1.0, event_type_id=0, timeframe_source=0, liquidity_type=0, fpfvg_gap_size=0.0, fpfvg_interaction_count=0, first_presentation_flag=0.0, pd_array_strength=0.0, structural_importance=0.0, raw_json={'timestamp': '00:00:00', 'price_level': 23166.5, 'movement_type': 'open'})",
    "RichNodeFeature(time_minutes=1.0, daily_phase_sin=0.004363309284746571, daily_phase_cos=0.9999904807207345, session_position=0.034482758620689655, time_to_close=28.0, weekend_proximity=0.42857142857142855, absolute_timestamp=1754434800, day_of_week=2, month_phase=0.1935483870967742, normalized_price=0.2317, price_delta_1m=-0.003625058578680082, price_delta_5m=-0.011160024507896054, price_delta_15m=0.016238365914123844, volatility_window=0.018389771969179694, energy_state=0.009859999999999999, contamination_coefficient=0, fisher_regime=0, session_character=0, cross_tf_confluence=1.0, event_type_id=85, timeframe_source=0, liquidity_type=0, fpfvg_gap_size=0.0, fpfvg_interaction_count=0, first_presentation_flag=0.0, pd_array_strength=0.0, structural_importance=0.0, raw_json={'timestamp': '00:01:00', 'price_level': 23170.0, 'movement_type': 'asia_session_high_takeout'})",
    "RichNodeFeature(time_minutes=3.0, daily_phase_sin=0.01308959557134444, daily_phase_cos=0.999914327574007, session_position=0.10344827586206896, time_to_close=26.0, weekend_proximity=0.42857142857142855, absolute_timestamp=1754434800, day_of_week=2, month_phase=0.1935483870967742, normalized_price=0.23173, price_delta_1m=-0.008167235545760359, price_delta_5m=-0.00957407312300379, price_delta_15m=0.0012170369628294125, volatility_window=0.024151904265921474, energy_state=0.009859999999999999, contamination_coefficient=0, fisher_regime=0, session_character=0, cross_tf_confluence=1.0, event_type_id=30, timeframe_source=0, liquidity_type=0, fpfvg_gap_size=0.0, fpfvg_interaction_count=0, first_presentation_flag=0.0, pd_array_strength=0.0, structural_importance=0.0, raw_json={'timestamp': '00:03:00', 'price_level': 23173.0, 'movement_type': 'expansion_high'})",
    "RichNodeFeature(time_minutes=3.0, daily_phase_sin=0.01308959557134444, daily_phase_cos=0.999914327574007, session_position=0.10344827586206896, time_to_close=26.0, weekend_proximity=0.42857142857142855, absolute_timestamp=1754434800, day_of_week=2, month_phase=0.1935483870967742, normalized_price=0.23167, price_delta_1m=0.01778528630209153, price_delta_5m=0.0040228542860885575, price_delta_15m=-0.005786001934157642, volatility_window=0.042983304384329436, energy_state=0.009859999999999999, contamination_coefficient=0, fisher_regime=0, session_character=0, cross_tf_confluence=1.0, event_type_id=33, timeframe_source=0, liquidity_type=0, fpfvg_gap_size=0.0, fpfvg_interaction_count=0, first_presentation_flag=0.0, pd_array_strength=0.0, structural_importance=0.0, raw_json={'timestamp': '00:03:00', 'price_level': 23167.0, 'movement_type': 'retracement_low'})",
    "RichNodeFeature(time_minutes=7.0, daily_phase_sin=0.03053851320982266, daily_phase_cos=0.9995335908367129, session_position=0.2413793103448276, time_to_close=22.0, weekend_proximity=0.42857142857142855, absolute_timestamp=1754434800, day_of_week=2, month_phase=0.1935483870967742, normalized_price=0.231735, price_delta_1m=0.010394911141339254, price_delta_5m=-0.012602645046341038, price_delta_15m=-0.008626725265775311, volatility_window=0.04959502001577933, energy_state=0.009859999999999999, contamination_coefficient=0, fisher_regime=0, session_character=0, cross_tf_confluence=1.0, event_type_id=1, timeframe_source=0, liquidity_type=0, fpfvg_gap_size=0.0, fpfvg_interaction_count=0, first_presentation_flag=0.0, pd_array_strength=0.0, structural_importance=0.0, raw_json={'timestamp': '00:07:00', 'price_level': 23173.5, 'movement_type': 'session_high'})",
    "RichNodeFeature(time_minutes=10.0, daily_phase_sin=0.043619387365336, daily_phase_cos=0.9990482215818578, session_position=0.3448275862068966, time_to_close=19.0, weekend_proximity=0.42857142857142855, absolute_timestamp=1754434800, day_of_week=2, month_phase=0.1935483870967742, normalized_price=0.23172, price_delta_1m=-0.011142172721455295, price_delta_5m=-0.012600640223964375, price_delta_15m=-0.006996521933169678, volatility_window=0.040494371591050245, energy_state=0.009859999999999999, contamination_coefficient=0, fisher_regime=0, session_character=0, cross_tf_confluence=1.0, event_type_id=178, timeframe_source=0, liquidity_type=0, fpfvg_gap_size=0.0, fpfvg_interaction_count=0, first_presentation_flag=0.0, pd_array_strength=0.0, structural_importance=0.0, raw_json={'timestamp': '00:10:00', 'price_level': 23172.0, 'movement_type': 'midnight_fpfvg_formation_premium'})",
    "RichNodeFeature(time_minutes=10.0, daily_phase_sin=0.043619387365336, daily_phase_cos=0.9990482215818578, session_position=0.3448275862068966, time_to_close=19.0, weekend_proximity=0.42857142857142855, absolute_timestamp=1754434800, day_of_week=2, month_phase=0.1935483870967742, normalized_price=0.231715, price_delta_1m=-0.003635644128993547, price_delta_5m=-0.014948339134898282, price_delta_15m=-0.00032748868529850974, volatility_window=0.03748866202848607, energy_state=0.009859999999999999, contamination_coefficient=0, fisher_regime=0, session_character=0, cross_tf_confluence=1.0, event_type_id=179, timeframe_source=0, liquidity_type=0, fpfvg_gap_size=0.0, fpfvg_interaction_count=0, first_presentation_flag=0.0, pd_array_strength=0.0, structural_importance=0.0, raw_json={'timestamp': '00:10:00', 'price_level': 23171.5, 'movement_type': 'midnight_fpfvg_formation_discount'})",
    "RichNodeFeature(time_minutes=18.0, daily_phase_sin=0.07845909572784494, daily_phase_cos=0.996917333733128, session_position=0.6206896551724138, time_to_close=11.0, weekend_proximity=0.42857142857142855, absolute_timestamp=1754434800, day_of_week=2, month_phase=0.1935483870967742, normalized_price=0.231625, price_delta_1m=0.014334901970295801, price_delta_5m=0.012732321224526253, price_delta_15m=0.008440853926286155, volatility_window=0.048448856522313864, energy_state=0.009859999999999999, contamination_coefficient=0, fisher_regime=0, session_character=0, cross_tf_confluence=1.0, event_type_id=33, timeframe_source=0, liquidity_type=0, fpfvg_gap_size=0.0, fpfvg_interaction_count=0, first_presentation_flag=0.0, pd_array_strength=0.0, structural_importance=0.0, raw_json={'timestamp': '00:18:00', 'price_level': 23162.5, 'movement_type': 'retracement_low'})",
