{
  "nodes": {
    "1m": [
      0,
      1,
      2,
      3,
      4,
      5,
      6,
      7,
      8,
      9,
      10,
      11
    ],
    "5m": [],
    "15m": [],
    "1h": [
      12
    ],
    "D": [],
    "W": []
  },
  "rich_node_features": [
    "RichNodeFeature(time_minutes=0.0, daily_phase_sin=0.0, daily_phase_cos=1.0, session_position=0.0, time_to_close=29.0, weekend_proximity=0.2857142857142857, absolute_timestamp=1753657200, day_of_week=0, month_phase=0.9032258064516129, normalized_price=0.2354925, price_delta_1m=-0.010052376430336445, price_delta_5m=-0.02007309415767393, price_delta_15m=0.007196111589939661, volatility_window=0.0402515660757903, energy_state=0.0145, contamination_coefficient=0, fisher_regime=0, session_character=0, cross_tf_confluence=1.0, event_type_id=0, timeframe_source=0, liquidity_type=0, fpfvg_gap_size=0.0, fpfvg_interaction_count=0, first_presentation_flag=0.0, pd_array_strength=0.0, structural_importance=0.0, raw_json={'timestamp': '00:00:00', 'price_level': 23549.25, 'movement_type': 'open'})",
    "RichNodeFeature(time_minutes=720.0, daily_phase_sin=1.2246467991473532e-16, daily_phase_cos=-1.0, session_position=24.82758620689655, time_to_close=0, weekend_proximity=0.2857142857142857, absolute_timestamp=1753657200, day_of_week=0, month_phase=0.9032258064516129, normalized_price=0.235535, price_delta_1m=-0.009566652237055114, price_delta_5m=0.011669268315429306, price_delta_15m=0.006685212018817678, volatility_window=0.016232835579972023, energy_state=0.0145, contamination_coefficient=0, fisher_regime=0, session_character=0, cross_tf_confluence=1.0, event_type_id=1, timeframe_source=0, liquidity_type=0, fpfvg_gap_size=0.0, fpfvg_interaction_count=0, first_presentation_flag=0.0, pd_array_strength=0.0, structural_importance=0.0, raw_json={'timestamp': '12:00:00', 'price_level': 23553.5, 'movement_type': 'session_high'})",
    "RichNodeFeature(time_minutes=750.0, daily_phase_sin=-0.13052619222005132, daily_phase_cos=-0.9914448613738105, session_position=25.862068965517242, time_to_close=0, weekend_proximity=0.2857142857142857, absolute_timestamp=1753657200, day_of_week=0, month_phase=0.9032258064516129, normalized_price=0.23545, price_delta_1m=-0.006796213547838513, price_delta_5m=0.005448149623083586, price_delta_15m=0.013761830059775855, volatility_window=0.01923830174118267, energy_state=0.0145, contamination_coefficient=0, fisher_regime=0, session_character=0, cross_tf_confluence=1.0, event_type_id=2, timeframe_source=0, liquidity_type=0, fpfvg_gap_size=0.0, fpfvg_interaction_count=0, first_presentation_flag=0.0, pd_array_strength=0.0, structural_importance=0.0, raw_json={'timestamp': '12:30:00', 'price_level': 23545.0, 'movement_type': 'session_low'})",
    "RichNodeFeature(time_minutes=29.0, daily_phase_sin=0.12619896913582976, daily_phase_cos=0.992004949679715, session_position=1.0, time_to_close=0, weekend_proximity=0.2857142857142857, absolute_timestamp=1753657200, day_of_week=0, month_phase=0.9032258064516129, normalized_price=0.23553, price_delta_1m=0.010026427789022494, price_delta_5m=-0.016580062931904404, price_delta_15m=0.005447451442861358, volatility_window=0.014183001689312115, energy_state=0.0145, contamination_coefficient=0, fisher_regime=0, session_character=0, cross_tf_confluence=1.0, event_type_id=3, timeframe_source=0, liquidity_type=0, fpfvg_gap_size=0.0, fpfvg_interaction_count=0, first_presentation_flag=0.0, pd_array_strength=0.0, structural_importance=0.0, raw_json={'timestamp': '00:29:00', 'price_level': 23553.0, 'movement_type': 'close'})",
    "RichNodeFeature(time_minutes=0.0, daily_phase_sin=0.0, daily_phase_cos=1.0, session_position=0.0, time_to_close=29.0, weekend_proximity=0.2857142857142857, absolute_timestamp=1753657200, day_of_week=0, month_phase=0.9032258064516129, normalized_price=0.2354925, price_delta_1m=-0.019868693431646094, price_delta_5m=-0.014555497967255571, price_delta_15m=-0.019083216717940842, volatility_window=0.03975765503391565, energy_state=0.0145, contamination_coefficient=0, fisher_regime=0, session_character=0, cross_tf_confluence=1.0, event_type_id=0, timeframe_source=0, liquidity_type=0, fpfvg_gap_size=0.0, fpfvg_interaction_count=0, first_presentation_flag=0.0, pd_array_strength=0.0, structural_importance=0.0, raw_json={'timestamp': '00:00:00', 'price_level': 23549.25, 'movement_type': 'open'})",
    "RichNodeFeature(time_minutes=720.0, daily_phase_sin=1.2246467991473532e-16, daily_phase_cos=-1.0, session_position=24.82758620689655, time_to_close=0, weekend_proximity=0.2857142857142857, absolute_timestamp=1753657200, day_of_week=0, month_phase=0.9032258064516129, normalized_price=0.235535, price_delta_1m=0.00037268716621462856, price_delta_5m=0.010625778484006056, price_delta_15m=-0.0005684590586885148, volatility_window=0.04616236477164843, energy_state=0.0145, contamination_coefficient=0, fisher_regime=0, session_character=0, cross_tf_confluence=1.0, event_type_id=1, timeframe_source=0, liquidity_type=0, fpfvg_gap_size=0.0, fpfvg_interaction_count=0, first_presentation_flag=0.0, pd_array_strength=0.0, structural_importance=0.0, raw_json={'timestamp': '12:00:00', 'price_level': 23553.5, 'movement_type': 'session_high'})",
    "RichNodeFeature(time_minutes=750.0, daily_phase_sin=-0.13052619222005132, daily_phase_cos=-0.9914448613738105, session_position=25.862068965517242, time_to_close=0, weekend_proximity=0.2857142857142857, absolute_timestamp=1753657200, day_of_week=0, month_phase=0.9032258064516129, normalized_price=0.23545, price_delta_1m=-0.016849898290143082, price_delta_5m=0.013810468336793178, price_delta_15m=0.008146247797785984, volatility_window=0.03188823395616904, energy_state=0.0145, contamination_coefficient=0, fisher_regime=0, session_character=0, cross_tf_confluence=1.0, event_type_id=2, timeframe_source=0, liquidity_type=0, fpfvg_gap_size=0.0, fpfvg_interaction_count=0, first_presentation_flag=0.0, pd_array_strength=0.0, structural_importance=0.0, raw_json={'timestamp': '12:30:00', 'price_level': 23545.0, 'movement_type': 'session_low'})",
    "RichNodeFeature(time_minutes=29.0, daily_phase_sin=0.12619896913582976, daily_phase_cos=0.992004949679715, session_position=1.0, time_to_close=0, weekend_proximity=0.2857142857142857, absolute_timestamp=1753657200, day_of_week=0, month_phase=0.9032258064516129, normalized_price=0.23553, price_delta_1m=0.018127730147831873, price_delta_5m=0.007829519232272262, price_delta_15m=0.0010741238526738165, volatility_window=0.031188333893679268, energy_state=0.0145, contamination_coefficient=0, fisher_regime=0, session_character=0, cross_tf_confluence=1.0, event_type_id=3, timeframe_source=0, liquidity_type=0, fpfvg_gap_size=0.0, fpfvg_interaction_count=0, first_presentation_flag=0.0, pd_array_strength=0.0, structural_importance=0.0, raw_json={'timestamp': '00:29:00', 'price_level': 23553.0, 'movement_type': 'close'})",
    "RichNodeFeature(time_minutes=1.0, daily_phase_sin=0.004363309284746571, daily_phase_cos=0.9999904807207345, session_position=0.034482758620689655, time_to_close=28.0, weekend_proximity=0.2857142857142857, absolute_timestamp=1753657200, day_of_week=0, month_phase=0.9032258064516129, normalized_price=0.23551, price_delta_1m=0.006149654699194962, price_delta_5m=-0.006104040243825264, price_delta_15m=-0.002582549332498922, volatility_window=0.04461283604017997, energy_state=0.0145, contamination_coefficient=0, fisher_regime=0, session_character=0, cross_tf_confluence=1.0, event_type_id=4, timeframe_source=0, liquidity_type=0, fpfvg_gap_size=0.0, fpfvg_interaction_count=0, first_presentation_flag=0.0, pd_array_strength=0.0, structural_importance=0.0, raw_json={'timestamp': '00:01:00', 'price': 23551.0, 'action': 'touch', 'context': 'Midnight Opening Range first presentation FVG premium high created'})",
