{
  "nodes": {
    "1m": [
      0,
      1,
      2,
      3,
      4,
      5,
      6,
      7,
      8,
      9
    ],
    "5m": [],
    "15m": [
      10
    ],
    "1h": [],
    "D": [],
    "W": []
  },
  "rich_node_features": [
    "RichNodeFeature(time_minutes=0.0, daily_phase_sin=0.0, daily_phase_cos=1.0, session_position=0.0, time_to_close=29.0, weekend_proximity=0.2857142857142857, absolute_timestamp=1754521200, day_of_week=3, month_phase=0.22580645161290322, normalized_price=0.2348975, price_delta_1m=-0.0049531355295399735, price_delta_5m=0.003120396579942298, price_delta_15m=0.008196665406253092, volatility_window=0.013960752997720545, energy_state=0.011890000000000001, contamination_coefficient=0, fisher_regime=0, session_character=0, cross_tf_confluence=1.0, event_type_id=0, timeframe_source=0, liquidity_type=0, fpfvg_gap_size=0.0, fpfvg_interaction_count=0, first_presentation_flag=0.0, pd_array_strength=0.0, structural_importance=0.0, raw_json={'timestamp': '00:00:00', 'price_level': 23489.75, 'movement_type': 'open'})",
    "RichNodeFeature(time_minutes=0.0, daily_phase_sin=0.0, daily_phase_cos=1.0, session_position=0.0, time_to_close=29.0, weekend_proximity=0.2857142857142857, absolute_timestamp=1754521200, day_of_week=3, month_phase=0.22580645161290322, normalized_price=0.2348725, price_delta_1m=-0.007782146540560333, price_delta_5m=0.0014239361765020107, price_delta_15m=0.016576138206514882, volatility_window=0.038444719307245426, energy_state=0.011890000000000001, contamination_coefficient=0, fisher_regime=0, session_character=0, cross_tf_confluence=1.0, event_type_id=83, timeframe_source=0, liquidity_type=0, fpfvg_gap_size=0.0, fpfvg_interaction_count=0, first_presentation_flag=0.0, pd_array_strength=0.0, structural_importance=0.0, raw_json={'timestamp': '00:00:00', 'price_level': 23487.25, 'movement_type': 'expansion_higher_start'})",
    "RichNodeFeature(time_minutes=6.0, daily_phase_sin=0.02617694830787315, daily_phase_cos=0.9996573249755573, session_position=0.20689655172413793, time_to_close=23.0, weekend_proximity=0.2857142857142857, absolute_timestamp=1754521200, day_of_week=3, month_phase=0.22580645161290322, normalized_price=0.2349775, price_delta_1m=-0.013502580381439193, price_delta_5m=0.0073016108313212645, price_delta_15m=-0.009299956675837707, volatility_window=0.04053384557261663, energy_state=0.011890000000000001, contamination_coefficient=0, fisher_regime=0, session_character=0, cross_tf_confluence=1.0, event_type_id=30, timeframe_source=0, liquidity_type=0, fpfvg_gap_size=0.0, fpfvg_interaction_count=0, first_presentation_flag=0.0, pd_array_strength=0.0, structural_importance=0.0, raw_json={'timestamp': '00:06:00', 'price_level': 23497.75, 'movement_type': 'expansion_high'})",
    "RichNodeFeature(time_minutes=8.0, daily_phase_sin=0.03489949670250097, daily_phase_cos=0.9993908270190958, session_position=0.27586206896551724, time_to_close=21.0, weekend_proximity=0.2857142857142857, absolute_timestamp=1754521200, day_of_week=3, month_phase=0.22580645161290322, normalized_price=0.2349075, price_delta_1m=-0.004271634385879579, price_delta_5m=-0.0006738204932408262, price_delta_15m=0.01127797191750554, volatility_window=0.039874470106133375, energy_state=0.011890000000000001, contamination_coefficient=0, fisher_regime=0, session_character=0, cross_tf_confluence=1.0, event_type_id=33, timeframe_source=0, liquidity_type=0, fpfvg_gap_size=0.0, fpfvg_interaction_count=0, first_presentation_flag=0.0, pd_array_strength=0.0, structural_importance=0.0, raw_json={'timestamp': '00:08:00', 'price_level': 23490.75, 'movement_type': 'retracement_low'})",
    "RichNodeFeature(time_minutes=12.0, daily_phase_sin=0.05233595624294383, daily_phase_cos=0.9986295347545738, session_position=0.41379310344827586, time_to_close=17.0, weekend_proximity=0.2857142857142857, absolute_timestamp=1754521200, day_of_week=3, month_phase=0.22580645161290322, normalized_price=0.2349925, price_delta_1m=0.002615853653060097, price_delta_5m=-0.0026457134668968264, price_delta_15m=0.0074860797841613215, volatility_window=0.029080338824998754, energy_state=0.011890000000000001, contamination_coefficient=0, fisher_regime=0, session_character=0, cross_tf_confluence=1.0, event_type_id=34, timeframe_source=0, liquidity_type=0, fpfvg_gap_size=0.0, fpfvg_interaction_count=0, first_presentation_flag=0.0, pd_array_strength=0.0, structural_importance=0.0, raw_json={'timestamp': '00:12:00', 'price_level': 23499.25, 'movement_type': 'session_high_reversal_point'})",
    "RichNodeFeature(time_minutes=16.0, daily_phase_sin=0.0697564737441253, daily_phase_cos=0.9975640502598242, session_position=0.5517241379310345, time_to_close=13.0, weekend_proximity=0.2857142857142857, absolute_timestamp=1754521200, day_of_week=3, month_phase=0.22580645161290322, normalized_price=0.2349325, price_delta_1m=-0.0037012754217702628, price_delta_5m=-0.011182419003775783, price_delta_15m=0.0007927665715529293, volatility_window=0.04348250987713653, energy_state=0.011890000000000001, contamination_coefficient=0, fisher_regime=0, session_character=0, cross_tf_confluence=1.0, event_type_id=22, timeframe_source=0, liquidity_type=0, fpfvg_gap_size=0.0, fpfvg_interaction_count=0, first_presentation_flag=0.0, pd_array_strength=0.0, structural_importance=0.0, raw_json={'timestamp': '00:16:00', 'price_level': 23493.25, 'movement_type': 'expansion_low'})",
    "RichNodeFeature(time_minutes=18.0, daily_phase_sin=0.07845909572784494, daily_phase_cos=0.996917333733128, session_position=0.6206896551724138, time_to_close=11.0, weekend_proximity=0.2857142857142857, absolute_timestamp=1754521200, day_of_week=3, month_phase=0.22580645161290322, normalized_price=0.234975, price_delta_1m=0.015825413308037314, price_delta_5m=0.008275145045455255, price_delta_15m=-0.005092509002459099, volatility_window=0.046074670680315115, energy_state=0.011890000000000001, contamination_coefficient=0, fisher_regime=0, session_character=0, cross_tf_confluence=1.0, event_type_id=36, timeframe_source=0, liquidity_type=0, fpfvg_gap_size=0.0, fpfvg_interaction_count=0, first_presentation_flag=0.0, pd_array_strength=0.0, structural_importance=0.0, raw_json={'timestamp': '00:18:00', 'price_level': 23497.5, 'movement_type': 'retracement_high'})",
    "RichNodeFeature(time_minutes=22.0, daily_phase_sin=0.09584575252022398, daily_phase_cos=0.9953961983671789, session_position=0.7586206896551724, time_to_close=7.0, weekend_proximity=0.2857142857142857, absolute_timestamp=1754521200, day_of_week=3, month_phase=0.22580645161290322, normalized_price=0.23492, price_delta_1m=-0.014467036916887235, price_delta_5m=-0.013796673668092299, price_delta_15m=-0.00028406423922065706, volatility_window=0.03799099027384431, energy_state=0.011890000000000001, contamination_coefficient=0, fisher_regime=0, session_character=0, cross_tf_confluence=1.0, event_type_id=22, timeframe_source=0, liquidity_type=0, fpfvg_gap_size=0.0, fpfvg_interaction_count=0, first_presentation_flag=0.0, pd_array_strength=0.0, structural_importance=0.0, raw_json={'timestamp': '00:22:00', 'price_level': 23492.0, 'movement_type': 'expansion_low'})",
