{
  "nodes": {
    "1m": [
      0,
      1,
      2,
      3,
      4,
      5,
      6,
      7,
      8,
      9
    ],
    "5m": [],
    "15m": [
      10
    ],
    "1h": [],
    "D": [],
    "W": []
  },
  "rich_node_features": [
    "RichNodeFeature(time_minutes=0.0, daily_phase_sin=0.0, daily_phase_cos=1.0, session_position=0.0, time_to_close=29.0, weekend_proximity=0.2857142857142857, absolute_timestamp=1754521200, day_of_week=3, month_phase=0.22580645161290322, normalized_price=0.2348975, price_delta_1m=-0.00973945141464698, price_delta_5m=-0.005866856366263768, price_delta_15m=0.0023037877415633254, volatility_window=0.02976180500273716, energy_state=0.011890000000000001, contamination_coefficient=0, fisher_regime=0, session_character=0, cross_tf_confluence=1.0, event_type_id=0, timeframe_source=0, liquidity_type=0, fpfvg_gap_size=0.0, fpfvg_interaction_count=0, first_presentation_flag=0.0, pd_array_strength=0.0, structural_importance=0.0, raw_json={'timestamp': '00:00:00', 'price_level': 23489.75, 'movement_type': 'open'})",
    "RichNodeFeature(time_minutes=0.0, daily_phase_sin=0.0, daily_phase_cos=1.0, session_position=0.0, time_to_close=29.0, weekend_proximity=0.2857142857142857, absolute_timestamp=1754521200, day_of_week=3, month_phase=0.22580645161290322, normalized_price=0.2348725, price_delta_1m=-0.007013446581282272, price_delta_5m=-0.0031833167500939026, price_delta_15m=0.008025188225412682, volatility_window=0.03174650793765809, energy_state=0.011890000000000001, contamination_coefficient=0, fisher_regime=0, session_character=0, cross_tf_confluence=1.0, event_type_id=83, timeframe_source=0, liquidity_type=0, fpfvg_gap_size=0.0, fpfvg_interaction_count=0, first_presentation_flag=0.0, pd_array_strength=0.0, structural_importance=0.0, raw_json={'timestamp': '00:00:00', 'price_level': 23487.25, 'movement_type': 'expansion_higher_start'})",
    "RichNodeFeature(time_minutes=6.0, daily_phase_sin=0.02617694830787315, daily_phase_cos=0.9996573249755573, session_position=0.20689655172413793, time_to_close=23.0, weekend_proximity=0.2857142857142857, absolute_timestamp=1754521200, day_of_week=3, month_phase=0.22580645161290322, normalized_price=0.2349775, price_delta_1m=-0.007275894225106699, price_delta_5m=0.001805986074413285, price_delta_15m=-0.026544048543599406, volatility_window=0.03930787628289926, energy_state=0.011890000000000001, contamination_coefficient=0, fisher_regime=0, session_character=0, cross_tf_confluence=1.0, event_type_id=30, timeframe_source=0, liquidity_type=0, fpfvg_gap_size=0.0, fpfvg_interaction_count=0, first_presentation_flag=0.0, pd_array_strength=0.0, structural_importance=0.0, raw_json={'timestamp': '00:06:00', 'price_level': 23497.75, 'movement_type': 'expansion_high'})",
    "RichNodeFeature(time_minutes=8.0, daily_phase_sin=0.03489949670250097, daily_phase_cos=0.9993908270190958, session_position=0.27586206896551724, time_to_close=21.0, weekend_proximity=0.2857142857142857, absolute_timestamp=1754521200, day_of_week=3, month_phase=0.22580645161290322, normalized_price=0.2349075, price_delta_1m=0.006679494833278137, price_delta_5m=-0.001624954063643242, price_delta_15m=0.007131282809565677, volatility_window=0.011906162303988346, energy_state=0.011890000000000001, contamination_coefficient=0, fisher_regime=0, session_character=0, cross_tf_confluence=1.0, event_type_id=33, timeframe_source=0, liquidity_type=0, fpfvg_gap_size=0.0, fpfvg_interaction_count=0, first_presentation_flag=0.0, pd_array_strength=0.0, structural_importance=0.0, raw_json={'timestamp': '00:08:00', 'price_level': 23490.75, 'movement_type': 'retracement_low'})",
    "RichNodeFeature(time_minutes=12.0, daily_phase_sin=0.05233595624294383, daily_phase_cos=0.9986295347545738, session_position=0.41379310344827586, time_to_close=17.0, weekend_proximity=0.2857142857142857, absolute_timestamp=1754521200, day_of_week=3, month_phase=0.22580645161290322, normalized_price=0.2349925, price_delta_1m=-0.003737204789334157, price_delta_5m=-0.013946876147188054, price_delta_15m=-0.010680333324613819, volatility_window=0.04274805887656211, energy_state=0.011890000000000001, contamination_coefficient=0, fisher_regime=0, session_character=0, cross_tf_confluence=1.0, event_type_id=34, timeframe_source=0, liquidity_type=0, fpfvg_gap_size=0.0, fpfvg_interaction_count=0, first_presentation_flag=0.0, pd_array_strength=0.0, structural_importance=0.0, raw_json={'timestamp': '00:12:00', 'price_level': 23499.25, 'movement_type': 'session_high_reversal_point'})",
    "RichNodeFeature(time_minutes=16.0, daily_phase_sin=0.0697564737441253, daily_phase_cos=0.9975640502598242, session_position=0.5517241379310345, time_to_close=13.0, weekend_proximity=0.2857142857142857, absolute_timestamp=1754521200, day_of_week=3, month_phase=0.22580645161290322, normalized_price=0.2349325, price_delta_1m=0.032156077782870655, price_delta_5m=-0.009429805309234113, price_delta_15m=-0.005266470064297201, volatility_window=0.04774351533008437, energy_state=0.011890000000000001, contamination_coefficient=0, fisher_regime=0, session_character=0, cross_tf_confluence=1.0, event_type_id=22, timeframe_source=0, liquidity_type=0, fpfvg_gap_size=0.0, fpfvg_interaction_count=0, first_presentation_flag=0.0, pd_array_strength=0.0, structural_importance=0.0, raw_json={'timestamp': '00:16:00', 'price_level': 23493.25, 'movement_type': 'expansion_low'})",
    "RichNodeFeature(time_minutes=18.0, daily_phase_sin=0.07845909572784494, daily_phase_cos=0.996917333733128, session_position=0.6206896551724138, time_to_close=11.0, weekend_proximity=0.2857142857142857, absolute_timestamp=1754521200, day_of_week=3, month_phase=0.22580645161290322, normalized_price=0.234975, price_delta_1m=0.00017608792975182727, price_delta_5m=-0.009594128754142945, price_delta_15m=0.004836298189912651, volatility_window=0.03183467521042533, energy_state=0.011890000000000001, contamination_coefficient=0, fisher_regime=0, session_character=0, cross_tf_confluence=1.0, event_type_id=36, timeframe_source=0, liquidity_type=0, fpfvg_gap_size=0.0, fpfvg_interaction_count=0, first_presentation_flag=0.0, pd_array_strength=0.0, structural_importance=0.0, raw_json={'timestamp': '00:18:00', 'price_level': 23497.5, 'movement_type': 'retracement_high'})",
    "RichNodeFeature(time_minutes=22.0, daily_phase_sin=0.09584575252022398, daily_phase_cos=0.9953961983671789, session_position=0.7586206896551724, time_to_close=7.0, weekend_proximity=0.2857142857142857, absolute_timestamp=1754521200, day_of_week=3, month_phase=0.22580645161290322, normalized_price=0.23492, price_delta_1m=-0.0061855106302762764, price_delta_5m=-0.018265668801135504, price_delta_15m=0.0003185286649221517, volatility_window=0.04052521818691643, energy_state=0.011890000000000001, contamination_coefficient=0, fisher_regime=0, session_character=0, cross_tf_confluence=1.0, event_type_id=22, timeframe_source=0, liquidity_type=0, fpfvg_gap_size=0.0, fpfvg_interaction_count=0, first_presentation_flag=0.0, pd_array_strength=0.0, structural_importance=0.0, raw_json={'timestamp': '00:22:00', 'price_level': 23492.0, 'movement_type': 'expansion_low'})",
