{
  "nodes": {
    "1m": [
      0,
      1,
      2,
      3,
      4,
      5,
      6,
      7,
      8,
      9,
      10,
      11
    ],
    "5m": [],
    "15m": [
      12,
      13,
      14,
      15
    ],
    "1h": [],
    "D": [],
    "W": []
  },
  "rich_node_features": [
    "RichNodeFeature(time_minutes=0.0, daily_phase_sin=0.0, daily_phase_cos=1.0, session_position=0.0, time_to_close=29.0, weekend_proximity=0.42857142857142855, absolute_timestamp=1754434800, day_of_week=2, month_phase=0.1935483870967742, normalized_price=0.231665, price_delta_1m=0.012629822953676371, price_delta_5m=0.006169798586880011, price_delta_15m=0.007326818441761651, volatility_window=0.029421772745845003, energy_state=0.009859999999999999, contamination_coefficient=0, fisher_regime=0, session_character=0, cross_tf_confluence=1.0, event_type_id=0, timeframe_source=0, liquidity_type=0, fpfvg_gap_size=0.0, fpfvg_interaction_count=0, first_presentation_flag=0.0, pd_array_strength=0.0, structural_importance=0.0, raw_json={'timestamp': '00:00:00', 'price_level': 23166.5, 'movement_type': 'open'})",
    "RichNodeFeature(time_minutes=1.0, daily_phase_sin=0.004363309284746571, daily_phase_cos=0.9999904807207345, session_position=0.034482758620689655, time_to_close=28.0, weekend_proximity=0.42857142857142855, absolute_timestamp=1754434800, day_of_week=2, month_phase=0.1935483870967742, normalized_price=0.2317, price_delta_1m=0.009289316890460792, price_delta_5m=-0.005871721152194875, price_delta_15m=-0.011261435348393032, volatility_window=0.021473889770363658, energy_state=0.009859999999999999, contamination_coefficient=0, fisher_regime=0, session_character=0, cross_tf_confluence=1.0, event_type_id=85, timeframe_source=0, liquidity_type=0, fpfvg_gap_size=0.0, fpfvg_interaction_count=0, first_presentation_flag=0.0, pd_array_strength=0.0, structural_importance=0.0, raw_json={'timestamp': '00:01:00', 'price_level': 23170.0, 'movement_type': 'asia_session_high_takeout'})",
    "RichNodeFeature(time_minutes=3.0, daily_phase_sin=0.01308959557134444, daily_phase_cos=0.999914327574007, session_position=0.10344827586206896, time_to_close=26.0, weekend_proximity=0.42857142857142855, absolute_timestamp=1754434800, day_of_week=2, month_phase=0.1935483870967742, normalized_price=0.23173, price_delta_1m=0.0007850292530209732, price_delta_5m=-0.003544146084815353, price_delta_15m=0.010004532483484903, volatility_window=0.03422490008239927, energy_state=0.009859999999999999, contamination_coefficient=0, fisher_regime=0, session_character=0, cross_tf_confluence=1.0, event_type_id=30, timeframe_source=0, liquidity_type=0, fpfvg_gap_size=0.0, fpfvg_interaction_count=0, first_presentation_flag=0.0, pd_array_strength=0.0, structural_importance=0.0, raw_json={'timestamp': '00:03:00', 'price_level': 23173.0, 'movement_type': 'expansion_high'})",
    "RichNodeFeature(time_minutes=3.0, daily_phase_sin=0.01308959557134444, daily_phase_cos=0.999914327574007, session_position=0.10344827586206896, time_to_close=26.0, weekend_proximity=0.42857142857142855, absolute_timestamp=1754434800, day_of_week=2, month_phase=0.1935483870967742, normalized_price=0.23167, price_delta_1m=0.00712776295242494, price_delta_5m=0.0008872896677084787, price_delta_15m=0.0023230766218697053, volatility_window=0.029106177990396935, energy_state=0.009859999999999999, contamination_coefficient=0, fisher_regime=0, session_character=0, cross_tf_confluence=1.0, event_type_id=33, timeframe_source=0, liquidity_type=0, fpfvg_gap_size=0.0, fpfvg_interaction_count=0, first_presentation_flag=0.0, pd_array_strength=0.0, structural_importance=0.0, raw_json={'timestamp': '00:03:00', 'price_level': 23167.0, 'movement_type': 'retracement_low'})",
    "RichNodeFeature(time_minutes=7.0, daily_phase_sin=0.03053851320982266, daily_phase_cos=0.9995335908367129, session_position=0.2413793103448276, time_to_close=22.0, weekend_proximity=0.42857142857142855, absolute_timestamp=1754434800, day_of_week=2, month_phase=0.1935483870967742, normalized_price=0.231735, price_delta_1m=0.013988447360498243, price_delta_5m=-0.007195147575087868, price_delta_15m=0.019384297116942034, volatility_window=0.02970871791359489, energy_state=0.009859999999999999, contamination_coefficient=0, fisher_regime=0, session_character=0, cross_tf_confluence=1.0, event_type_id=1, timeframe_source=0, liquidity_type=0, fpfvg_gap_size=0.0, fpfvg_interaction_count=0, first_presentation_flag=0.0, pd_array_strength=0.0, structural_importance=0.0, raw_json={'timestamp': '00:07:00', 'price_level': 23173.5, 'movement_type': 'session_high'})",
    "RichNodeFeature(time_minutes=10.0, daily_phase_sin=0.043619387365336, daily_phase_cos=0.9990482215818578, session_position=0.3448275862068966, time_to_close=19.0, weekend_proximity=0.42857142857142855, absolute_timestamp=1754434800, day_of_week=2, month_phase=0.1935483870967742, normalized_price=0.23172, price_delta_1m=0.004048247777341452, price_delta_5m=-0.008934083390390209, price_delta_15m=-0.00340629058388947, volatility_window=0.03723546810801883, energy_state=0.009859999999999999, contamination_coefficient=0, fisher_regime=0, session_character=0, cross_tf_confluence=1.0, event_type_id=178, timeframe_source=0, liquidity_type=0, fpfvg_gap_size=0.0, fpfvg_interaction_count=0, first_presentation_flag=0.0, pd_array_strength=0.0, structural_importance=0.0, raw_json={'timestamp': '00:10:00', 'price_level': 23172.0, 'movement_type': 'midnight_fpfvg_formation_premium'})",
    "RichNodeFeature(time_minutes=10.0, daily_phase_sin=0.043619387365336, daily_phase_cos=0.9990482215818578, session_position=0.3448275862068966, time_to_close=19.0, weekend_proximity=0.42857142857142855, absolute_timestamp=1754434800, day_of_week=2, month_phase=0.1935483870967742, normalized_price=0.231715, price_delta_1m=-0.0007521855438337368, price_delta_5m=-0.00890116693188303, price_delta_15m=-0.00888003778387632, volatility_window=0.023786088027005235, energy_state=0.009859999999999999, contamination_coefficient=0, fisher_regime=0, session_character=0, cross_tf_confluence=1.0, event_type_id=179, timeframe_source=0, liquidity_type=0, fpfvg_gap_size=0.0, fpfvg_interaction_count=0, first_presentation_flag=0.0, pd_array_strength=0.0, structural_importance=0.0, raw_json={'timestamp': '00:10:00', 'price_level': 23171.5, 'movement_type': 'midnight_fpfvg_formation_discount'})",
    "RichNodeFeature(time_minutes=18.0, daily_phase_sin=0.07845909572784494, daily_phase_cos=0.996917333733128, session_position=0.6206896551724138, time_to_close=11.0, weekend_proximity=0.42857142857142855, absolute_timestamp=1754434800, day_of_week=2, month_phase=0.1935483870967742, normalized_price=0.231625, price_delta_1m=-0.010531702659995975, price_delta_5m=-4.1219919911690144e-05, price_delta_15m=-0.009957238542244576, volatility_window=0.04233639423037101, energy_state=0.009859999999999999, contamination_coefficient=0, fisher_regime=0, session_character=0, cross_tf_confluence=1.0, event_type_id=33, timeframe_source=0, liquidity_type=0, fpfvg_gap_size=0.0, fpfvg_interaction_count=0, first_presentation_flag=0.0, pd_array_strength=0.0, structural_importance=0.0, raw_json={'timestamp': '00:18:00', 'price_level': 23162.5, 'movement_type': 'retracement_low'})",
