{
  "nodes": {
    "1m": [
      0,
      1,
      2,
      3,
      4,
      5,
      6,
      7,
      8,
      9,
      10,
      11,
      12,
      13,
      14,
      15,
      16,
      17,
      18
    ],
    "5m": [],
    "15m": [],
    "1h": [
      19
    ],
    "D": [],
    "W": []
  },
  "rich_node_features": [
    "RichNodeFeature(time_minutes=0.0, daily_phase_sin=0.6087614290087204, daily_phase_cos=-0.7933533402912353, session_position=0.0, time_to_close=149.0, weekend_proximity=0.2857142857142857, absolute_timestamp=1753657200, day_of_week=0, month_phase=0.9032258064516129, normalized_price=0.2347275, price_delta_1m=-0.0055469306420512345, price_delta_5m=0.0002041029580268446, price_delta_15m=-0.006974610674152694, volatility_window=0.022122672865266785, energy_state=0.0745, contamination_coefficient=0, fisher_regime=0, session_character=0, cross_tf_confluence=1.0, event_type_id=0, timeframe_source=0, liquidity_type=0, fpfvg_gap_size=0.0, fpfvg_interaction_count=0, first_presentation_flag=0.0, pd_array_strength=0.0, structural_importance=0.0, raw_json={'timestamp': '09:30:00', 'price_level': 23472.75, 'movement_type': 'open'})",
    "RichNodeFeature(time_minutes=150.0, daily_phase_sin=1.2246467991473532e-16, daily_phase_cos=-1.0, session_position=1.0067114093959733, time_to_close=0, weekend_proximity=0.2857142857142857, absolute_timestamp=1753657200, day_of_week=0, month_phase=0.9032258064516129, normalized_price=0.23529, price_delta_1m=0.011253256498807209, price_delta_5m=0.004222415706020525, price_delta_15m=0.010535508896715246, volatility_window=0.02207213795761341, energy_state=0.0745, contamination_coefficient=0, fisher_regime=0, session_character=0, cross_tf_confluence=1.0, event_type_id=1, timeframe_source=0, liquidity_type=0, fpfvg_gap_size=0.0, fpfvg_interaction_count=0, first_presentation_flag=0.0, pd_array_strength=0.0, structural_importance=0.0, raw_json={'timestamp': '12:00:00', 'price_level': 23529.0, 'movement_type': 'session_high'})",
    "RichNodeFeature(time_minutes=180.0, daily_phase_sin=-0.13052619222005132, daily_phase_cos=-0.9914448613738105, session_position=1.2080536912751678, time_to_close=0, weekend_proximity=0.2857142857142857, absolute_timestamp=1753657200, day_of_week=0, month_phase=0.9032258064516129, normalized_price=0.2343675, price_delta_1m=0.010964583287645711, price_delta_5m=0.018257375344701923, price_delta_15m=0.005382841738854322, volatility_window=0.034060640716797666, energy_state=0.0745, contamination_coefficient=0, fisher_regime=0, session_character=0, cross_tf_confluence=1.0, event_type_id=2, timeframe_source=0, liquidity_type=0, fpfvg_gap_size=0.0, fpfvg_interaction_count=0, first_presentation_flag=0.0, pd_array_strength=0.0, structural_importance=0.0, raw_json={'timestamp': '12:30:00', 'price_level': 23436.75, 'movement_type': 'session_low'})",
    "RichNodeFeature(time_minutes=149.0, daily_phase_sin=0.004363309284746422, daily_phase_cos=-0.9999904807207345, session_position=1.0, time_to_close=0, weekend_proximity=0.2857142857142857, absolute_timestamp=1753657200, day_of_week=0, month_phase=0.9032258064516129, normalized_price=0.234935, price_delta_1m=0.008841882507707297, price_delta_5m=-0.00037111192915782607, price_delta_15m=-0.015708063139540478, volatility_window=0.02462078420352852, energy_state=0.0745, contamination_coefficient=0, fisher_regime=0, session_character=0, cross_tf_confluence=1.0, event_type_id=3, timeframe_source=0, liquidity_type=0, fpfvg_gap_size=0.0, fpfvg_interaction_count=0, first_presentation_flag=0.0, pd_array_strength=0.0, structural_importance=0.0, raw_json={'timestamp': '11:59:00', 'price_level': 23493.5, 'movement_type': 'close'})",
    "RichNodeFeature(time_minutes=0.0, daily_phase_sin=0.6087614290087204, daily_phase_cos=-0.7933533402912353, session_position=0.0, time_to_close=149.0, weekend_proximity=0.2857142857142857, absolute_timestamp=1753657200, day_of_week=0, month_phase=0.9032258064516129, normalized_price=0.2347275, price_delta_1m=0.008390207483649475, price_delta_5m=0.005362578844824977, price_delta_15m=-0.014472925870726652, volatility_window=0.02776157687202975, energy_state=0.0745, contamination_coefficient=0, fisher_regime=0, session_character=0, cross_tf_confluence=1.0, event_type_id=0, timeframe_source=0, liquidity_type=0, fpfvg_gap_size=0.0, fpfvg_interaction_count=0, first_presentation_flag=0.0, pd_array_strength=0.0, structural_importance=0.0, raw_json={'timestamp': '09:30:00', 'price_level': 23472.75, 'movement_type': 'open'})",
    "RichNodeFeature(time_minutes=150.0, daily_phase_sin=1.2246467991473532e-16, daily_phase_cos=-1.0, session_position=1.0067114093959733, time_to_close=0, weekend_proximity=0.2857142857142857, absolute_timestamp=1753657200, day_of_week=0, month_phase=0.9032258064516129, normalized_price=0.23529, price_delta_1m=-0.009378568108726013, price_delta_5m=0.013108813461660391, price_delta_15m=0.01181915198264605, volatility_window=0.03596241188309453, energy_state=0.0745, contamination_coefficient=0, fisher_regime=0, session_character=0, cross_tf_confluence=1.0, event_type_id=1, timeframe_source=0, liquidity_type=0, fpfvg_gap_size=0.0, fpfvg_interaction_count=0, first_presentation_flag=0.0, pd_array_strength=0.0, structural_importance=0.0, raw_json={'timestamp': '12:00:00', 'price_level': 23529.0, 'movement_type': 'session_high'})",
    "RichNodeFeature(time_minutes=180.0, daily_phase_sin=-0.13052619222005132, daily_phase_cos=-0.9914448613738105, session_position=1.2080536912751678, time_to_close=0, weekend_proximity=0.2857142857142857, absolute_timestamp=1753657200, day_of_week=0, month_phase=0.9032258064516129, normalized_price=0.2343675, price_delta_1m=0.0163870099625233, price_delta_5m=0.0069641889856565595, price_delta_15m=0.01445630830011672, volatility_window=0.010847826944810613, energy_state=0.0745, contamination_coefficient=0, fisher_regime=0, session_character=0, cross_tf_confluence=1.0, event_type_id=2, timeframe_source=0, liquidity_type=0, fpfvg_gap_size=0.0, fpfvg_interaction_count=0, first_presentation_flag=0.0, pd_array_strength=0.0, structural_importance=0.0, raw_json={'timestamp': '12:30:00', 'price_level': 23436.75, 'movement_type': 'session_low'})",
    "RichNodeFeature(time_minutes=149.0, daily_phase_sin=0.004363309284746422, daily_phase_cos=-0.9999904807207345, session_position=1.0, time_to_close=0, weekend_proximity=0.2857142857142857, absolute_timestamp=1753657200, day_of_week=0, month_phase=0.9032258064516129, normalized_price=0.234935, price_delta_1m=-0.0023273350061664114, price_delta_5m=0.004480467138547389, price_delta_15m=-0.013434740905118137, volatility_window=0.016064493600774846, energy_state=0.0745, contamination_coefficient=0, fisher_regime=0, session_character=0, cross_tf_confluence=1.0, event_type_id=3, timeframe_source=0, liquidity_type=0, fpfvg_gap_size=0.0, fpfvg_interaction_count=0, first_presentation_flag=0.0, pd_array_strength=0.0, structural_importance=0.0, raw_json={'timestamp': '11:59:00', 'price_level': 23493.5, 'movement_type': 'close'})",
    "RichNodeFeature(time_minutes=0.0, daily_phase_sin=0.6087614290087204, daily_phase_cos=-0.7933533402912353, session_position=0.0, time_to_close=149.0, weekend_proximity=0.2857142857142857, absolute_timestamp=1753657200, day_of_week=0, month_phase=0.9032258064516129, normalized_price=0.2346475, price_delta_1m=-0.0028437062296342895, price_delta_5m=-0.009268229365014797, price_delta_15m=-0.009878218746109155, volatility_window=0.02206186812710987, energy_state=0.0745, contamination_coefficient=0, fisher_regime=0, session_character=0, cross_tf_confluence=1.0, event_type_id=4, timeframe_source=0, liquidity_type=0, fpfvg_gap_size=0.0, fpfvg_interaction_count=0, first_presentation_flag=0.0, pd_array_strength=0.0, structural_importance=0.0, raw_json={'timestamp': '09:30:00', 'price': 23464.75, 'action': 'sweep', 'context': 'Took pre-market low immediately at open, then expanded higher'})",
