{
  "nodes": {
    "1m": [
      0,
      1,
      2,
      3,
      4,
      5,
      6,
      7,
      8,
      9,
      10,
      11,
      12,
      13,
      14,
      15,
      16,
      17,
      18
    ],
    "5m": [],
    "15m": [],
    "1h": [
      19
    ],
    "D": [],
    "W": []
  },
  "rich_node_features": [
    "RichNodeFeature(time_minutes=0.0, daily_phase_sin=0.6087614290087204, daily_phase_cos=-0.7933533402912353, session_position=0.0, time_to_close=149.0, weekend_proximity=0.2857142857142857, absolute_timestamp=1753657200, day_of_week=0, month_phase=0.9032258064516129, normalized_price=0.2347275, price_delta_1m=0.008390435086016257, price_delta_5m=0.013487975667051746, price_delta_15m=0.009634983068087105, volatility_window=0.015551745685935946, energy_state=0.0745, contamination_coefficient=0, fisher_regime=0, session_character=0, cross_tf_confluence=1.0, event_type_id=0, timeframe_source=0, liquidity_type=0, fpfvg_gap_size=0.0, fpfvg_interaction_count=0, first_presentation_flag=0.0, pd_array_strength=0.0, structural_importance=0.0, raw_json={'timestamp': '09:30:00', 'price_level': 23472.75, 'movement_type': 'open'})",
    "RichNodeFeature(time_minutes=150.0, daily_phase_sin=1.2246467991473532e-16, daily_phase_cos=-1.0, session_position=1.0067114093959733, time_to_close=0, weekend_proximity=0.2857142857142857, absolute_timestamp=1753657200, day_of_week=0, month_phase=0.9032258064516129, normalized_price=0.23529, price_delta_1m=-0.005883927242105169, price_delta_5m=-0.0028570605492506352, price_delta_15m=0.0010594577423773662, volatility_window=0.027297461385897337, energy_state=0.0745, contamination_coefficient=0, fisher_regime=0, session_character=0, cross_tf_confluence=1.0, event_type_id=1, timeframe_source=0, liquidity_type=0, fpfvg_gap_size=0.0, fpfvg_interaction_count=0, first_presentation_flag=0.0, pd_array_strength=0.0, structural_importance=0.0, raw_json={'timestamp': '12:00:00', 'price_level': 23529.0, 'movement_type': 'session_high'})",
    "RichNodeFeature(time_minutes=180.0, daily_phase_sin=-0.13052619222005132, daily_phase_cos=-0.9914448613738105, session_position=1.2080536912751678, time_to_close=0, weekend_proximity=0.2857142857142857, absolute_timestamp=1753657200, day_of_week=0, month_phase=0.9032258064516129, normalized_price=0.2343675, price_delta_1m=0.0029675198363158673, price_delta_5m=-0.004678677172541073, price_delta_15m=0.004513585363531284, volatility_window=0.019101784283013665, energy_state=0.0745, contamination_coefficient=0, fisher_regime=0, session_character=0, cross_tf_confluence=1.0, event_type_id=2, timeframe_source=0, liquidity_type=0, fpfvg_gap_size=0.0, fpfvg_interaction_count=0, first_presentation_flag=0.0, pd_array_strength=0.0, structural_importance=0.0, raw_json={'timestamp': '12:30:00', 'price_level': 23436.75, 'movement_type': 'session_low'})",
    "RichNodeFeature(time_minutes=149.0, daily_phase_sin=0.004363309284746422, daily_phase_cos=-0.9999904807207345, session_position=1.0, time_to_close=0, weekend_proximity=0.2857142857142857, absolute_timestamp=1753657200, day_of_week=0, month_phase=0.9032258064516129, normalized_price=0.234935, price_delta_1m=0.006802634854268971, price_delta_5m=-0.007410780845631834, price_delta_15m=0.02336514066491483, volatility_window=0.019921329558658375, energy_state=0.0745, contamination_coefficient=0, fisher_regime=0, session_character=0, cross_tf_confluence=1.0, event_type_id=3, timeframe_source=0, liquidity_type=0, fpfvg_gap_size=0.0, fpfvg_interaction_count=0, first_presentation_flag=0.0, pd_array_strength=0.0, structural_importance=0.0, raw_json={'timestamp': '11:59:00', 'price_level': 23493.5, 'movement_type': 'close'})",
    "RichNodeFeature(time_minutes=0.0, daily_phase_sin=0.6087614290087204, daily_phase_cos=-0.7933533402912353, session_position=0.0, time_to_close=149.0, weekend_proximity=0.2857142857142857, absolute_timestamp=1753657200, day_of_week=0, month_phase=0.9032258064516129, normalized_price=0.2347275, price_delta_1m=-0.015400591510591786, price_delta_5m=0.006033350088721572, price_delta_15m=0.006330008191311072, volatility_window=0.02119306805856675, energy_state=0.0745, contamination_coefficient=0, fisher_regime=0, session_character=0, cross_tf_confluence=1.0, event_type_id=0, timeframe_source=0, liquidity_type=0, fpfvg_gap_size=0.0, fpfvg_interaction_count=0, first_presentation_flag=0.0, pd_array_strength=0.0, structural_importance=0.0, raw_json={'timestamp': '09:30:00', 'price_level': 23472.75, 'movement_type': 'open'})",
    "RichNodeFeature(time_minutes=150.0, daily_phase_sin=1.2246467991473532e-16, daily_phase_cos=-1.0, session_position=1.0067114093959733, time_to_close=0, weekend_proximity=0.2857142857142857, absolute_timestamp=1753657200, day_of_week=0, month_phase=0.9032258064516129, normalized_price=0.23529, price_delta_1m=0.019268825450846717, price_delta_5m=0.0015433880727680383, price_delta_15m=-0.01743948617581904, volatility_window=0.04489070228061799, energy_state=0.0745, contamination_coefficient=0, fisher_regime=0, session_character=0, cross_tf_confluence=1.0, event_type_id=1, timeframe_source=0, liquidity_type=0, fpfvg_gap_size=0.0, fpfvg_interaction_count=0, first_presentation_flag=0.0, pd_array_strength=0.0, structural_importance=0.0, raw_json={'timestamp': '12:00:00', 'price_level': 23529.0, 'movement_type': 'session_high'})",
    "RichNodeFeature(time_minutes=180.0, daily_phase_sin=-0.13052619222005132, daily_phase_cos=-0.9914448613738105, session_position=1.2080536912751678, time_to_close=0, weekend_proximity=0.2857142857142857, absolute_timestamp=1753657200, day_of_week=0, month_phase=0.9032258064516129, normalized_price=0.2343675, price_delta_1m=0.004775114370631638, price_delta_5m=-0.010625768257927486, price_delta_15m=0.020039899689087256, volatility_window=0.014724588081270761, energy_state=0.0745, contamination_coefficient=0, fisher_regime=0, session_character=0, cross_tf_confluence=1.0, event_type_id=2, timeframe_source=0, liquidity_type=0, fpfvg_gap_size=0.0, fpfvg_interaction_count=0, first_presentation_flag=0.0, pd_array_strength=0.0, structural_importance=0.0, raw_json={'timestamp': '12:30:00', 'price_level': 23436.75, 'movement_type': 'session_low'})",
    "RichNodeFeature(time_minutes=149.0, daily_phase_sin=0.004363309284746422, daily_phase_cos=-0.9999904807207345, session_position=1.0, time_to_close=0, weekend_proximity=0.2857142857142857, absolute_timestamp=1753657200, day_of_week=0, month_phase=0.9032258064516129, normalized_price=0.234935, price_delta_1m=-0.027780812786640775, price_delta_5m=-0.0003285395695863521, price_delta_15m=-0.015506271848885696, volatility_window=0.040654953102801254, energy_state=0.0745, contamination_coefficient=0, fisher_regime=0, session_character=0, cross_tf_confluence=1.0, event_type_id=3, timeframe_source=0, liquidity_type=0, fpfvg_gap_size=0.0, fpfvg_interaction_count=0, first_presentation_flag=0.0, pd_array_strength=0.0, structural_importance=0.0, raw_json={'timestamp': '11:59:00', 'price_level': 23493.5, 'movement_type': 'close'})",
    "RichNodeFeature(time_minutes=0.0, daily_phase_sin=0.6087614290087204, daily_phase_cos=-0.7933533402912353, session_position=0.0, time_to_close=149.0, weekend_proximity=0.2857142857142857, absolute_timestamp=1753657200, day_of_week=0, month_phase=0.9032258064516129, normalized_price=0.2346475, price_delta_1m=-0.001700872313198506, price_delta_5m=-0.014144629434994085, price_delta_15m=-0.0026218641322845594, volatility_window=0.03412338059617764, energy_state=0.0745, contamination_coefficient=0, fisher_regime=0, session_character=0, cross_tf_confluence=1.0, event_type_id=4, timeframe_source=0, liquidity_type=0, fpfvg_gap_size=0.0, fpfvg_interaction_count=0, first_presentation_flag=0.0, pd_array_strength=0.0, structural_importance=0.0, raw_json={'timestamp': '09:30:00', 'price': 23464.75, 'action': 'sweep', 'context': 'Took pre-market low immediately at open, then expanded higher'})",
