{
  "nodes": {
    "1m": [
      0,
      1,
      2,
      3,
      4,
      5,
      6,
      7,
      8,
      9,
      10,
      11,
      12,
      13,
      14,
      15,
      16,
      17,
      18
    ],
    "5m": [],
    "15m": [],
    "1h": [
      19
    ],
    "D": [],
    "W": []
  },
  "rich_node_features": [
    "RichNodeFeature(time_minutes=0.0, daily_phase_sin=0.6087614290087204, daily_phase_cos=-0.7933533402912353, session_position=0.0, time_to_close=149.0, weekend_proximity=0.2857142857142857, absolute_timestamp=1753657200, day_of_week=0, month_phase=0.9032258064516129, normalized_price=0.2347275, price_delta_1m=0.0023500103168913517, price_delta_5m=0.012102871944666084, price_delta_15m=0.007665083007039549, volatility_window=0.03232564900304714, energy_state=0.0745, contamination_coefficient=0, fisher_regime=0, session_character=0, cross_tf_confluence=1.0, event_type_id=0, timeframe_source=0, liquidity_type=0, fpfvg_gap_size=0.0, fpfvg_interaction_count=0, first_presentation_flag=0.0, pd_array_strength=0.0, structural_importance=0.0, raw_json={'timestamp': '09:30:00', 'price_level': 23472.75, 'movement_type': 'open'})",
    "RichNodeFeature(time_minutes=150.0, daily_phase_sin=1.2246467991473532e-16, daily_phase_cos=-1.0, session_position=1.0067114093959733, time_to_close=0, weekend_proximity=0.2857142857142857, absolute_timestamp=1753657200, day_of_week=0, month_phase=0.9032258064516129, normalized_price=0.23529, price_delta_1m=0.012616890445489208, price_delta_5m=-0.010303142551132627, price_delta_15m=0.02358010952040395, volatility_window=0.02172530566025402, energy_state=0.0745, contamination_coefficient=0, fisher_regime=0, session_character=0, cross_tf_confluence=1.0, event_type_id=1, timeframe_source=0, liquidity_type=0, fpfvg_gap_size=0.0, fpfvg_interaction_count=0, first_presentation_flag=0.0, pd_array_strength=0.0, structural_importance=0.0, raw_json={'timestamp': '12:00:00', 'price_level': 23529.0, 'movement_type': 'session_high'})",
    "RichNodeFeature(time_minutes=180.0, daily_phase_sin=-0.13052619222005132, daily_phase_cos=-0.9914448613738105, session_position=1.2080536912751678, time_to_close=0, weekend_proximity=0.2857142857142857, absolute_timestamp=1753657200, day_of_week=0, month_phase=0.9032258064516129, normalized_price=0.2343675, price_delta_1m=0.006300936647259065, price_delta_5m=0.0019494180775390833, price_delta_15m=0.007737238273918629, volatility_window=0.043681567379923535, energy_state=0.0745, contamination_coefficient=0, fisher_regime=0, session_character=0, cross_tf_confluence=1.0, event_type_id=2, timeframe_source=0, liquidity_type=0, fpfvg_gap_size=0.0, fpfvg_interaction_count=0, first_presentation_flag=0.0, pd_array_strength=0.0, structural_importance=0.0, raw_json={'timestamp': '12:30:00', 'price_level': 23436.75, 'movement_type': 'session_low'})",
    "RichNodeFeature(time_minutes=149.0, daily_phase_sin=0.004363309284746422, daily_phase_cos=-0.9999904807207345, session_position=1.0, time_to_close=0, weekend_proximity=0.2857142857142857, absolute_timestamp=1753657200, day_of_week=0, month_phase=0.9032258064516129, normalized_price=0.234935, price_delta_1m=0.0014819638008774165, price_delta_5m=0.012494601494260188, price_delta_15m=0.026257405501957647, volatility_window=0.039740235187085395, energy_state=0.0745, contamination_coefficient=0, fisher_regime=0, session_character=0, cross_tf_confluence=1.0, event_type_id=3, timeframe_source=0, liquidity_type=0, fpfvg_gap_size=0.0, fpfvg_interaction_count=0, first_presentation_flag=0.0, pd_array_strength=0.0, structural_importance=0.0, raw_json={'timestamp': '11:59:00', 'price_level': 23493.5, 'movement_type': 'close'})",
    "RichNodeFeature(time_minutes=0.0, daily_phase_sin=0.6087614290087204, daily_phase_cos=-0.7933533402912353, session_position=0.0, time_to_close=149.0, weekend_proximity=0.2857142857142857, absolute_timestamp=1753657200, day_of_week=0, month_phase=0.9032258064516129, normalized_price=0.2347275, price_delta_1m=0.0006735502311063362, price_delta_5m=0.011996135827919587, price_delta_15m=-0.007946843251019759, volatility_window=0.0416978148884693, energy_state=0.0745, contamination_coefficient=0, fisher_regime=0, session_character=0, cross_tf_confluence=1.0, event_type_id=0, timeframe_source=0, liquidity_type=0, fpfvg_gap_size=0.0, fpfvg_interaction_count=0, first_presentation_flag=0.0, pd_array_strength=0.0, structural_importance=0.0, raw_json={'timestamp': '09:30:00', 'price_level': 23472.75, 'movement_type': 'open'})",
    "RichNodeFeature(time_minutes=150.0, daily_phase_sin=1.2246467991473532e-16, daily_phase_cos=-1.0, session_position=1.0067114093959733, time_to_close=0, weekend_proximity=0.2857142857142857, absolute_timestamp=1753657200, day_of_week=0, month_phase=0.9032258064516129, normalized_price=0.23529, price_delta_1m=0.011850294630098832, price_delta_5m=0.018486418201713064, price_delta_15m=0.005797936159144731, volatility_window=0.039572029761237464, energy_state=0.0745, contamination_coefficient=0, fisher_regime=0, session_character=0, cross_tf_confluence=1.0, event_type_id=1, timeframe_source=0, liquidity_type=0, fpfvg_gap_size=0.0, fpfvg_interaction_count=0, first_presentation_flag=0.0, pd_array_strength=0.0, structural_importance=0.0, raw_json={'timestamp': '12:00:00', 'price_level': 23529.0, 'movement_type': 'session_high'})",
    "RichNodeFeature(time_minutes=180.0, daily_phase_sin=-0.13052619222005132, daily_phase_cos=-0.9914448613738105, session_position=1.2080536912751678, time_to_close=0, weekend_proximity=0.2857142857142857, absolute_timestamp=1753657200, day_of_week=0, month_phase=0.9032258064516129, normalized_price=0.2343675, price_delta_1m=-0.0021318756771760506, price_delta_5m=-0.010327429239913383, price_delta_15m=-0.009639456638033991, volatility_window=0.01257199202811662, energy_state=0.0745, contamination_coefficient=0, fisher_regime=0, session_character=0, cross_tf_confluence=1.0, event_type_id=2, timeframe_source=0, liquidity_type=0, fpfvg_gap_size=0.0, fpfvg_interaction_count=0, first_presentation_flag=0.0, pd_array_strength=0.0, structural_importance=0.0, raw_json={'timestamp': '12:30:00', 'price_level': 23436.75, 'movement_type': 'session_low'})",
    "RichNodeFeature(time_minutes=149.0, daily_phase_sin=0.004363309284746422, daily_phase_cos=-0.9999904807207345, session_position=1.0, time_to_close=0, weekend_proximity=0.2857142857142857, absolute_timestamp=1753657200, day_of_week=0, month_phase=0.9032258064516129, normalized_price=0.234935, price_delta_1m=-0.0049792202464717, price_delta_5m=-0.015271561785262684, price_delta_15m=0.009926263014746362, volatility_window=0.043143290310835046, energy_state=0.0745, contamination_coefficient=0, fisher_regime=0, session_character=0, cross_tf_confluence=1.0, event_type_id=3, timeframe_source=0, liquidity_type=0, fpfvg_gap_size=0.0, fpfvg_interaction_count=0, first_presentation_flag=0.0, pd_array_strength=0.0, structural_importance=0.0, raw_json={'timestamp': '11:59:00', 'price_level': 23493.5, 'movement_type': 'close'})",
    "RichNodeFeature(time_minutes=0.0, daily_phase_sin=0.6087614290087204, daily_phase_cos=-0.7933533402912353, session_position=0.0, time_to_close=149.0, weekend_proximity=0.2857142857142857, absolute_timestamp=1753657200, day_of_week=0, month_phase=0.9032258064516129, normalized_price=0.2346475, price_delta_1m=0.007498128538658265, price_delta_5m=-0.007448655151173967, price_delta_15m=-0.0052510430388161815, volatility_window=0.02692708872292425, energy_state=0.0745, contamination_coefficient=0, fisher_regime=0, session_character=0, cross_tf_confluence=1.0, event_type_id=4, timeframe_source=0, liquidity_type=0, fpfvg_gap_size=0.0, fpfvg_interaction_count=0, first_presentation_flag=0.0, pd_array_strength=0.0, structural_importance=0.0, raw_json={'timestamp': '09:30:00', 'price': 23464.75, 'action': 'sweep', 'context': 'Took pre-market low immediately at open, then expanded higher'})",
