{
  "nodes": {
    "1m": [
      0,
      1,
      2,
      3,
      4,
      5,
      6,
      7,
      8,
      9,
      10,
      11,
      12,
      13,
      14,
      15
    ],
    "5m": [],
    "15m": [],
    "1h": [
      16,
      17
    ],
    "D": [],
    "W": []
  },
  "rich_node_features": [
    "RichNodeFeature(time_minutes=0.0, daily_phase_sin=-0.3826834323650892, daily_phase_cos=-0.923879532511287, session_position=0.0, time_to_close=159.0, weekend_proximity=0.2857142857142857, absolute_timestamp=1753657200, day_of_week=0, month_phase=0.9032258064516129, normalized_price=0.23465, price_delta_1m=-0.004098709991570909, price_delta_5m=0.010366064459724086, price_delta_15m=-0.012975604966516563, volatility_window=0.046888500347634435, energy_state=0.0795, contamination_coefficient=0, fisher_regime=0, session_character=0, cross_tf_confluence=1.0, event_type_id=0, timeframe_source=0, liquidity_type=0, fpfvg_gap_size=0.0, fpfvg_interaction_count=0, first_presentation_flag=0.0, pd_array_strength=0.0, structural_importance=0.0, raw_json={'timestamp': '13:30:00', 'price_level': 23465.0, 'movement_type': 'open'})",
    "RichNodeFeature(time_minutes=-90.0, daily_phase_sin=1.2246467991473532e-16, daily_phase_cos=-1.0, session_position=-0.5660377358490566, time_to_close=249.0, weekend_proximity=0.2857142857142857, absolute_timestamp=1753657200, day_of_week=0, month_phase=0.9032258064516129, normalized_price=0.23504, price_delta_1m=-0.0076163303554034004, price_delta_5m=0.0053538093333670355, price_delta_15m=-0.007123815902929478, volatility_window=0.02053260403292215, energy_state=0.0795, contamination_coefficient=0, fisher_regime=0, session_character=0, cross_tf_confluence=1.0, event_type_id=1, timeframe_source=0, liquidity_type=0, fpfvg_gap_size=0.0, fpfvg_interaction_count=0, first_presentation_flag=0.0, pd_array_strength=0.0, structural_importance=0.0, raw_json={'timestamp': '12:00:00', 'price_level': 23504.0, 'movement_type': 'session_high'})",
    "RichNodeFeature(time_minutes=-60.0, daily_phase_sin=-0.13052619222005132, daily_phase_cos=-0.9914448613738105, session_position=-0.37735849056603776, time_to_close=219.0, weekend_proximity=0.2857142857142857, absolute_timestamp=1753657200, day_of_week=0, month_phase=0.9032258064516129, normalized_price=0.2344, price_delta_1m=0.006239297414387424, price_delta_5m=-0.025428617368387255, price_delta_15m=-0.011003164232649344, volatility_window=0.04276560082000581, energy_state=0.0795, contamination_coefficient=0, fisher_regime=0, session_character=0, cross_tf_confluence=1.0, event_type_id=2, timeframe_source=0, liquidity_type=0, fpfvg_gap_size=0.0, fpfvg_interaction_count=0, first_presentation_flag=0.0, pd_array_strength=0.0, structural_importance=0.0, raw_json={'timestamp': '12:30:00', 'price_level': 23440.0, 'movement_type': 'session_low'})",
    "RichNodeFeature(time_minutes=159.0, daily_phase_sin=-0.8849876374630418, daily_phase_cos=-0.4656145203251116, session_position=1.0, time_to_close=0, weekend_proximity=0.2857142857142857, absolute_timestamp=1753657200, day_of_week=0, month_phase=0.9032258064516129, normalized_price=0.234965, price_delta_1m=0.007358268766512295, price_delta_5m=0.010413487662340116, price_delta_15m=0.008924801216782059, volatility_window=0.031337656977959955, energy_state=0.0795, contamination_coefficient=0, fisher_regime=0, session_character=0, cross_tf_confluence=1.0, event_type_id=3, timeframe_source=0, liquidity_type=0, fpfvg_gap_size=0.0, fpfvg_interaction_count=0, first_presentation_flag=0.0, pd_array_strength=0.0, structural_importance=0.0, raw_json={'timestamp': '16:09:00', 'price_level': 23496.5, 'movement_type': 'close'})",
    "RichNodeFeature(time_minutes=0.0, daily_phase_sin=-0.3826834323650892, daily_phase_cos=-0.923879532511287, session_position=0.0, time_to_close=159.0, weekend_proximity=0.2857142857142857, absolute_timestamp=1753657200, day_of_week=0, month_phase=0.9032258064516129, normalized_price=0.234845, price_delta_1m=0.007843840104380313, price_delta_5m=0.004204459944019214, price_delta_15m=-0.0013111784945049412, volatility_window=0.03376570380954364, energy_state=0.0795, contamination_coefficient=0, fisher_regime=0, session_character=0, cross_tf_confluence=1.0, event_type_id=4, timeframe_source=0, liquidity_type=0, fpfvg_gap_size=0.0, fpfvg_interaction_count=0, first_presentation_flag=0.0, pd_array_strength=0.0, structural_importance=0.0, raw_json={'timestamp': '13:30:00', 'price': 23484.5, 'action': 'delivery', 'context': 'Expansion higher redelivering Lunch first presentation FVG'})",
    "RichNodeFeature(time_minutes=2.0, daily_phase_sin=-0.39073112848927355, daily_phase_cos=-0.9205048534524404, session_position=0.012578616352201259, time_to_close=157.0, weekend_proximity=0.2857142857142857, absolute_timestamp=1753657200, day_of_week=0, month_phase=0.9032258064516129, normalized_price=0.234795, price_delta_1m=-0.0020077658967857354, price_delta_5m=0.005033698824766202, price_delta_15m=0.005674080155201773, volatility_window=0.035308984017940886, energy_state=0.0795, contamination_coefficient=0, fisher_regime=0, session_character=0, cross_tf_confluence=1.0, event_type_id=4, timeframe_source=0, liquidity_type=0, fpfvg_gap_size=0.0, fpfvg_interaction_count=0, first_presentation_flag=0.0, pd_array_strength=0.0, structural_importance=0.0, raw_json={'timestamp': '13:32:00', 'price': 23479.5, 'action': 'touch', 'context': 'PM session first presentation FVG premium high created'})",
    "RichNodeFeature(time_minutes=21.0, daily_phase_sin=-0.46561452032511136, daily_phase_cos=-0.8849876374630419, session_position=0.1320754716981132, time_to_close=138.0, weekend_proximity=0.2857142857142857, absolute_timestamp=1753657200, day_of_week=0, month_phase=0.9032258064516129, normalized_price=0.2347725, price_delta_1m=-0.011770937017469103, price_delta_5m=0.006452201586232525, price_delta_15m=0.0038650410306199745, volatility_window=0.049306456940157666, energy_state=0.0795, contamination_coefficient=0, fisher_regime=0, session_character=0, cross_tf_confluence=1.0, event_type_id=4, timeframe_source=0, liquidity_type=0, fpfvg_gap_size=0.0, fpfvg_interaction_count=0, first_presentation_flag=0.0, pd_array_strength=0.0, structural_importance=0.0, raw_json={'timestamp': '13:51:00', 'price': 23477.25, 'action': 'delivery', 'context': 'PM session first presentation FVG redelivered'})",
    "RichNodeFeature(time_minutes=35.0, daily_phase_sin=-0.5187732581605212, daily_phase_cos=-0.8549118706729468, session_position=0.22012578616352202, time_to_close=124.0, weekend_proximity=0.2857142857142857, absolute_timestamp=1753657200, day_of_week=0, month_phase=0.9032258064516129, normalized_price=0.2345, price_delta_1m=0.004794498346174469, price_delta_5m=-0.00542123483139352, price_delta_15m=0.005888575185405024, volatility_window=0.012655635478248, energy_state=0.0795, contamination_coefficient=0, fisher_regime=0, session_character=0, cross_tf_confluence=1.0, event_type_id=4, timeframe_source=0, liquidity_type=0, fpfvg_gap_size=0.0, fpfvg_interaction_count=0, first_presentation_flag=0.0, pd_array_strength=0.0, structural_importance=0.0, raw_json={'timestamp': '14:05:00', 'price': 23450.0, 'action': 'delivery', 'context': \"Previous day's PM session first presentation FVG redelivered\"})",
