{
  "nodes": {
    "1m": [
      0,
      1,
      2,
      3,
      4,
      5,
      6,
      7,
      8,
      9,
      10,
      11,
      12,
      13,
      14
    ],
    "5m": [],
    "15m": [],
    "1h": [
      15
    ],
    "D": [],
    "W": []
  },
  "rich_node_features": [
    "RichNodeFeature(time_minutes=0.0, daily_phase_sin=0.9659258262890683, daily_phase_cos=-0.25881904510252085, session_position=0.0, time_to_close=149.0, weekend_proximity=0.2857142857142857, absolute_timestamp=1753657200, day_of_week=0, month_phase=0.9032258064516129, normalized_price=0.234935, price_delta_1m=0.006753626756051785, price_delta_5m=-0.00045311663605811063, price_delta_15m=0.015967343671978895, volatility_window=0.035309511578018496, energy_state=0.0745, contamination_coefficient=0, fisher_regime=0, session_character=0, cross_tf_confluence=1.0, event_type_id=0, timeframe_source=0, liquidity_type=0, fpfvg_gap_size=0.0, fpfvg_interaction_count=0, first_presentation_flag=0.0, pd_array_strength=0.0, structural_importance=0.0, raw_json={'timestamp': '07:00:00', 'price_level': 23493.5, 'movement_type': 'open'})",
    "RichNodeFeature(time_minutes=300.0, daily_phase_sin=1.2246467991473532e-16, daily_phase_cos=-1.0, session_position=2.0134228187919465, time_to_close=0, weekend_proximity=0.2857142857142857, absolute_timestamp=1753657200, day_of_week=0, month_phase=0.9032258064516129, normalized_price=0.23521, price_delta_1m=-0.00116825104696482, price_delta_5m=0.0027397071157158077, price_delta_15m=0.007621800293853674, volatility_window=0.01850578241155463, energy_state=0.0745, contamination_coefficient=0, fisher_regime=0, session_character=0, cross_tf_confluence=1.0, event_type_id=1, timeframe_source=0, liquidity_type=0, fpfvg_gap_size=0.0, fpfvg_interaction_count=0, first_presentation_flag=0.0, pd_array_strength=0.0, structural_importance=0.0, raw_json={'timestamp': '12:00:00', 'price_level': 23521.0, 'movement_type': 'session_high'})",
    "RichNodeFeature(time_minutes=330.0, daily_phase_sin=-0.13052619222005132, daily_phase_cos=-0.9914448613738105, session_position=2.214765100671141, time_to_close=0, weekend_proximity=0.2857142857142857, absolute_timestamp=1753657200, day_of_week=0, month_phase=0.9032258064516129, normalized_price=0.2346625, price_delta_1m=-0.006729433714472964, price_delta_5m=-0.009949379129678571, price_delta_15m=-0.008990456969224429, volatility_window=0.046639931532562094, energy_state=0.0745, contamination_coefficient=0, fisher_regime=0, session_character=0, cross_tf_confluence=1.0, event_type_id=2, timeframe_source=0, liquidity_type=0, fpfvg_gap_size=0.0, fpfvg_interaction_count=0, first_presentation_flag=0.0, pd_array_strength=0.0, structural_importance=0.0, raw_json={'timestamp': '12:30:00', 'price_level': 23466.25, 'movement_type': 'session_low'})",
    "RichNodeFeature(time_minutes=149.0, daily_phase_sin=0.6122172800344493, daily_phase_cos=-0.7906895737438434, session_position=1.0, time_to_close=0, weekend_proximity=0.2857142857142857, absolute_timestamp=1753657200, day_of_week=0, month_phase=0.9032258064516129, normalized_price=0.234725, price_delta_1m=0.006193587625778032, price_delta_5m=-0.012634126225973276, price_delta_15m=-0.014150659947793989, volatility_window=0.01441640032854774, energy_state=0.0745, contamination_coefficient=0, fisher_regime=0, session_character=0, cross_tf_confluence=1.0, event_type_id=3, timeframe_source=0, liquidity_type=0, fpfvg_gap_size=0.0, fpfvg_interaction_count=0, first_presentation_flag=0.0, pd_array_strength=0.0, structural_importance=0.0, raw_json={'timestamp': '09:29:00', 'price_level': 23472.5, 'movement_type': 'close'})",
    "RichNodeFeature(time_minutes=0.0, daily_phase_sin=0.9659258262890683, daily_phase_cos=-0.25881904510252085, session_position=0.0, time_to_close=149.0, weekend_proximity=0.2857142857142857, absolute_timestamp=1753657200, day_of_week=0, month_phase=0.9032258064516129, normalized_price=0.234935, price_delta_1m=-0.007757753808660193, price_delta_5m=-0.0022764671276525707, price_delta_15m=-0.013269967485158586, volatility_window=0.021807965613867178, energy_state=0.0745, contamination_coefficient=0, fisher_regime=0, session_character=0, cross_tf_confluence=1.0, event_type_id=0, timeframe_source=0, liquidity_type=0, fpfvg_gap_size=0.0, fpfvg_interaction_count=0, first_presentation_flag=0.0, pd_array_strength=0.0, structural_importance=0.0, raw_json={'timestamp': '07:00:00', 'price_level': 23493.5, 'movement_type': 'open'})",
    "RichNodeFeature(time_minutes=300.0, daily_phase_sin=1.2246467991473532e-16, daily_phase_cos=-1.0, session_position=2.0134228187919465, time_to_close=0, weekend_proximity=0.2857142857142857, absolute_timestamp=1753657200, day_of_week=0, month_phase=0.9032258064516129, normalized_price=0.23521, price_delta_1m=-0.012310226659829782, price_delta_5m=-0.007264208909382039, price_delta_15m=0.019342642921974264, volatility_window=0.03675307027012971, energy_state=0.0745, contamination_coefficient=0, fisher_regime=0, session_character=0, cross_tf_confluence=1.0, event_type_id=1, timeframe_source=0, liquidity_type=0, fpfvg_gap_size=0.0, fpfvg_interaction_count=0, first_presentation_flag=0.0, pd_array_strength=0.0, structural_importance=0.0, raw_json={'timestamp': '12:00:00', 'price_level': 23521.0, 'movement_type': 'session_high'})",
    "RichNodeFeature(time_minutes=330.0, daily_phase_sin=-0.13052619222005132, daily_phase_cos=-0.9914448613738105, session_position=2.214765100671141, time_to_close=0, weekend_proximity=0.2857142857142857, absolute_timestamp=1753657200, day_of_week=0, month_phase=0.9032258064516129, normalized_price=0.2346625, price_delta_1m=-0.004835146144278963, price_delta_5m=-0.007324959150077985, price_delta_15m=-0.005091339953847387, volatility_window=0.026504436298687664, energy_state=0.0745, contamination_coefficient=0, fisher_regime=0, session_character=0, cross_tf_confluence=1.0, event_type_id=2, timeframe_source=0, liquidity_type=0, fpfvg_gap_size=0.0, fpfvg_interaction_count=0, first_presentation_flag=0.0, pd_array_strength=0.0, structural_importance=0.0, raw_json={'timestamp': '12:30:00', 'price_level': 23466.25, 'movement_type': 'session_low'})",
    "RichNodeFeature(time_minutes=149.0, daily_phase_sin=0.6122172800344493, daily_phase_cos=-0.7906895737438434, session_position=1.0, time_to_close=0, weekend_proximity=0.2857142857142857, absolute_timestamp=1753657200, day_of_week=0, month_phase=0.9032258064516129, normalized_price=0.234725, price_delta_1m=-0.0006876154934411759, price_delta_5m=0.017419149219454127, price_delta_15m=0.008326048427952325, volatility_window=0.0388013470266788, energy_state=0.0745, contamination_coefficient=0, fisher_regime=0, session_character=0, cross_tf_confluence=1.0, event_type_id=3, timeframe_source=0, liquidity_type=0, fpfvg_gap_size=0.0, fpfvg_interaction_count=0, first_presentation_flag=0.0, pd_array_strength=0.0, structural_importance=0.0, raw_json={'timestamp': '09:29:00', 'price_level': 23472.5, 'movement_type': 'close'})",
    "RichNodeFeature(time_minutes=1.0, daily_phase_sin=0.964787323828813, daily_phase_cos=-0.2630312144579746, session_position=0.006711409395973154, time_to_close=148.0, weekend_proximity=0.2857142857142857, absolute_timestamp=1753657200, day_of_week=0, month_phase=0.9032258064516129, normalized_price=0.235005, price_delta_1m=-0.0176525504393882, price_delta_5m=0.017337046243570676, price_delta_15m=-0.0038174204592761507, volatility_window=0.01921341119593448, energy_state=0.0745, contamination_coefficient=0, fisher_regime=0, session_character=0, cross_tf_confluence=1.0, event_type_id=4, timeframe_source=0, liquidity_type=0, fpfvg_gap_size=0.0, fpfvg_interaction_count=0, first_presentation_flag=0.0, pd_array_strength=0.0, structural_importance=0.0, raw_json={'timestamp': '07:01:00', 'price': 23500.5, 'action': 'touch', 'context': 'Pre-market first presentation FVG premium high created'})",
