{
  "nodes": {
    "1m": [
      0,
      1,
      2,
      3,
      4,
      5,
      6,
      7,
      8,
      9,
      10,
      11,
      12,
      13,
      14
    ],
    "5m": [],
    "15m": [],
    "1h": [
      15
    ],
    "D": [],
    "W": []
  },
  "rich_node_features": [
    "RichNodeFeature(time_minutes=0.0, daily_phase_sin=0.9659258262890683, daily_phase_cos=-0.25881904510252085, session_position=0.0, time_to_close=149.0, weekend_proximity=0.2857142857142857, absolute_timestamp=1753657200, day_of_week=0, month_phase=0.9032258064516129, normalized_price=0.234935, price_delta_1m=0.01765594139456953, price_delta_5m=0.008728099781107859, price_delta_15m=-0.004311502282643266, volatility_window=0.030182945604772027, energy_state=0.0745, contamination_coefficient=0, fisher_regime=0, session_character=0, cross_tf_confluence=1.0, event_type_id=0, timeframe_source=0, liquidity_type=0, fpfvg_gap_size=0.0, fpfvg_interaction_count=0, first_presentation_flag=0.0, pd_array_strength=0.0, structural_importance=0.0, raw_json={'timestamp': '07:00:00', 'price_level': 23493.5, 'movement_type': 'open'})",
    "RichNodeFeature(time_minutes=300.0, daily_phase_sin=1.2246467991473532e-16, daily_phase_cos=-1.0, session_position=2.0134228187919465, time_to_close=0, weekend_proximity=0.2857142857142857, absolute_timestamp=1753657200, day_of_week=0, month_phase=0.9032258064516129, normalized_price=0.23521, price_delta_1m=0.005816444853320142, price_delta_5m=-0.008562082978125116, price_delta_15m=-0.004709446649997225, volatility_window=0.020037457378823287, energy_state=0.0745, contamination_coefficient=0, fisher_regime=0, session_character=0, cross_tf_confluence=1.0, event_type_id=1, timeframe_source=0, liquidity_type=0, fpfvg_gap_size=0.0, fpfvg_interaction_count=0, first_presentation_flag=0.0, pd_array_strength=0.0, structural_importance=0.0, raw_json={'timestamp': '12:00:00', 'price_level': 23521.0, 'movement_type': 'session_high'})",
    "RichNodeFeature(time_minutes=330.0, daily_phase_sin=-0.13052619222005132, daily_phase_cos=-0.9914448613738105, session_position=2.214765100671141, time_to_close=0, weekend_proximity=0.2857142857142857, absolute_timestamp=1753657200, day_of_week=0, month_phase=0.9032258064516129, normalized_price=0.2346625, price_delta_1m=0.0005860817942750096, price_delta_5m=0.005734011332153342, price_delta_15m=0.001563690330908136, volatility_window=0.03745198236522458, energy_state=0.0745, contamination_coefficient=0, fisher_regime=0, session_character=0, cross_tf_confluence=1.0, event_type_id=2, timeframe_source=0, liquidity_type=0, fpfvg_gap_size=0.0, fpfvg_interaction_count=0, first_presentation_flag=0.0, pd_array_strength=0.0, structural_importance=0.0, raw_json={'timestamp': '12:30:00', 'price_level': 23466.25, 'movement_type': 'session_low'})",
    "RichNodeFeature(time_minutes=149.0, daily_phase_sin=0.6122172800344493, daily_phase_cos=-0.7906895737438434, session_position=1.0, time_to_close=0, weekend_proximity=0.2857142857142857, absolute_timestamp=1753657200, day_of_week=0, month_phase=0.9032258064516129, normalized_price=0.234725, price_delta_1m=0.002403373969457609, price_delta_5m=-0.0010406095094367377, price_delta_15m=-0.018106451587018447, volatility_window=0.037469611921221634, energy_state=0.0745, contamination_coefficient=0, fisher_regime=0, session_character=0, cross_tf_confluence=1.0, event_type_id=3, timeframe_source=0, liquidity_type=0, fpfvg_gap_size=0.0, fpfvg_interaction_count=0, first_presentation_flag=0.0, pd_array_strength=0.0, structural_importance=0.0, raw_json={'timestamp': '09:29:00', 'price_level': 23472.5, 'movement_type': 'close'})",
    "RichNodeFeature(time_minutes=0.0, daily_phase_sin=0.9659258262890683, daily_phase_cos=-0.25881904510252085, session_position=0.0, time_to_close=149.0, weekend_proximity=0.2857142857142857, absolute_timestamp=1753657200, day_of_week=0, month_phase=0.9032258064516129, normalized_price=0.234935, price_delta_1m=-0.011195195982767681, price_delta_5m=0.01671189727919861, price_delta_15m=-0.0026839391963714297, volatility_window=0.010062585010944378, energy_state=0.0745, contamination_coefficient=0, fisher_regime=0, session_character=0, cross_tf_confluence=1.0, event_type_id=0, timeframe_source=0, liquidity_type=0, fpfvg_gap_size=0.0, fpfvg_interaction_count=0, first_presentation_flag=0.0, pd_array_strength=0.0, structural_importance=0.0, raw_json={'timestamp': '07:00:00', 'price_level': 23493.5, 'movement_type': 'open'})",
    "RichNodeFeature(time_minutes=300.0, daily_phase_sin=1.2246467991473532e-16, daily_phase_cos=-1.0, session_position=2.0134228187919465, time_to_close=0, weekend_proximity=0.2857142857142857, absolute_timestamp=1753657200, day_of_week=0, month_phase=0.9032258064516129, normalized_price=0.23521, price_delta_1m=-0.0005950950047584698, price_delta_5m=-0.005087936544594226, price_delta_15m=-0.019935257992339996, volatility_window=0.012609046492044699, energy_state=0.0745, contamination_coefficient=0, fisher_regime=0, session_character=0, cross_tf_confluence=1.0, event_type_id=1, timeframe_source=0, liquidity_type=0, fpfvg_gap_size=0.0, fpfvg_interaction_count=0, first_presentation_flag=0.0, pd_array_strength=0.0, structural_importance=0.0, raw_json={'timestamp': '12:00:00', 'price_level': 23521.0, 'movement_type': 'session_high'})",
    "RichNodeFeature(time_minutes=330.0, daily_phase_sin=-0.13052619222005132, daily_phase_cos=-0.9914448613738105, session_position=2.214765100671141, time_to_close=0, weekend_proximity=0.2857142857142857, absolute_timestamp=1753657200, day_of_week=0, month_phase=0.9032258064516129, normalized_price=0.2346625, price_delta_1m=0.028381621379811, price_delta_5m=0.013752317099645226, price_delta_15m=-0.018945190374213078, volatility_window=0.01641832408875469, energy_state=0.0745, contamination_coefficient=0, fisher_regime=0, session_character=0, cross_tf_confluence=1.0, event_type_id=2, timeframe_source=0, liquidity_type=0, fpfvg_gap_size=0.0, fpfvg_interaction_count=0, first_presentation_flag=0.0, pd_array_strength=0.0, structural_importance=0.0, raw_json={'timestamp': '12:30:00', 'price_level': 23466.25, 'movement_type': 'session_low'})",
    "RichNodeFeature(time_minutes=149.0, daily_phase_sin=0.6122172800344493, daily_phase_cos=-0.7906895737438434, session_position=1.0, time_to_close=0, weekend_proximity=0.2857142857142857, absolute_timestamp=1753657200, day_of_week=0, month_phase=0.9032258064516129, normalized_price=0.234725, price_delta_1m=0.023739301530715858, price_delta_5m=-0.004333019843258962, price_delta_15m=0.010460940530374954, volatility_window=0.02485820304953082, energy_state=0.0745, contamination_coefficient=0, fisher_regime=0, session_character=0, cross_tf_confluence=1.0, event_type_id=3, timeframe_source=0, liquidity_type=0, fpfvg_gap_size=0.0, fpfvg_interaction_count=0, first_presentation_flag=0.0, pd_array_strength=0.0, structural_importance=0.0, raw_json={'timestamp': '09:29:00', 'price_level': 23472.5, 'movement_type': 'close'})",
    "RichNodeFeature(time_minutes=1.0, daily_phase_sin=0.964787323828813, daily_phase_cos=-0.2630312144579746, session_position=0.006711409395973154, time_to_close=148.0, weekend_proximity=0.2857142857142857, absolute_timestamp=1753657200, day_of_week=0, month_phase=0.9032258064516129, normalized_price=0.235005, price_delta_1m=-0.010731600583698804, price_delta_5m=-0.016710110842328273, price_delta_15m=0.00449927896983002, volatility_window=0.010482775201550455, energy_state=0.0745, contamination_coefficient=0, fisher_regime=0, session_character=0, cross_tf_confluence=1.0, event_type_id=4, timeframe_source=0, liquidity_type=0, fpfvg_gap_size=0.0, fpfvg_interaction_count=0, first_presentation_flag=0.0, pd_array_strength=0.0, structural_importance=0.0, raw_json={'timestamp': '07:01:00', 'price': 23500.5, 'action': 'touch', 'context': 'Pre-market first presentation FVG premium high created'})",
