{
  "nodes": {
    "1m": [
      0,
      1,
      2,
      3,
      4,
      5,
      6,
      7,
      8,
      9,
      10,
      11,
      12,
      13,
      14,
      15
    ],
    "5m": [],
    "15m": [],
    "1h": [
      16
    ],
    "D": [],
    "W": []
  },
  "rich_node_features": [
    "RichNodeFeature(time_minutes=0.0, daily_phase_sin=-0.9659258262890682, daily_phase_cos=0.2588190451025212, session_position=0.0, time_to_close=299.0, weekend_proximity=0.42857142857142855, absolute_timestamp=1753743600, day_of_week=1, month_phase=0.9354838709677419, normalized_price=0.23526, price_delta_1m=0.004793243174949156, price_delta_5m=0.005363088290641745, price_delta_15m=-0.0016304120214595968, volatility_window=0.023073405624616662, energy_state=0.148, contamination_coefficient=0, fisher_regime=0, session_character=0, cross_tf_confluence=1.0, event_type_id=0, timeframe_source=0, liquidity_type=0, fpfvg_gap_size=0.0, fpfvg_interaction_count=0, first_presentation_flag=0.0, pd_array_strength=0.0, structural_importance=0.0, raw_json={'timestamp': '19:00:00', 'price_level': 23526.0, 'movement_type': 'open'})",
    "RichNodeFeature(time_minutes=-420.0, daily_phase_sin=1.2246467991473532e-16, daily_phase_cos=-1.0, session_position=-1.4046822742474916, time_to_close=719.0, weekend_proximity=0.42857142857142855, absolute_timestamp=1753743600, day_of_week=1, month_phase=0.9354838709677419, normalized_price=0.235475, price_delta_1m=-0.004361789937544104, price_delta_5m=0.0011669247705399322, price_delta_15m=0.004781367091157545, volatility_window=0.044369678617694266, energy_state=0.148, contamination_coefficient=0, fisher_regime=0, session_character=0, cross_tf_confluence=1.0, event_type_id=1, timeframe_source=0, liquidity_type=0, fpfvg_gap_size=0.0, fpfvg_interaction_count=0, first_presentation_flag=0.0, pd_array_strength=0.0, structural_importance=0.0, raw_json={'timestamp': '12:00:00', 'price_level': 23547.5, 'movement_type': 'session_high'})",
    "RichNodeFeature(time_minutes=-390.0, daily_phase_sin=-0.13052619222005132, daily_phase_cos=-0.9914448613738105, session_position=-1.3043478260869565, time_to_close=689.0, weekend_proximity=0.42857142857142855, absolute_timestamp=1753743600, day_of_week=1, month_phase=0.9354838709677419, normalized_price=0.235165, price_delta_1m=0.005275141510102399, price_delta_5m=-0.00044832447228467664, price_delta_15m=0.011488861860159835, volatility_window=0.036328858787350045, energy_state=0.148, contamination_coefficient=0, fisher_regime=0, session_character=0, cross_tf_confluence=1.0, event_type_id=2, timeframe_source=0, liquidity_type=0, fpfvg_gap_size=0.0, fpfvg_interaction_count=0, first_presentation_flag=0.0, pd_array_strength=0.0, structural_importance=0.0, raw_json={'timestamp': '12:30:00', 'price_level': 23516.5, 'movement_type': 'session_low'})",
    "RichNodeFeature(time_minutes=299.0, daily_phase_sin=-0.004363309284747432, daily_phase_cos=0.9999904807207345, session_position=1.0, time_to_close=0, weekend_proximity=0.42857142857142855, absolute_timestamp=1753743600, day_of_week=1, month_phase=0.9354838709677419, normalized_price=0.2354325, price_delta_1m=-0.024163614840430073, price_delta_5m=0.0029814080821378096, price_delta_15m=0.0033578689629528854, volatility_window=0.04191289910961878, energy_state=0.148, contamination_coefficient=0, fisher_regime=0, session_character=0, cross_tf_confluence=1.0, event_type_id=3, timeframe_source=0, liquidity_type=0, fpfvg_gap_size=0.0, fpfvg_interaction_count=0, first_presentation_flag=0.0, pd_array_strength=0.0, structural_importance=0.0, raw_json={'timestamp': '23:59:00', 'price_level': 23543.25, 'movement_type': 'close'})",
    "RichNodeFeature(time_minutes=0.0, daily_phase_sin=-0.9659258262890682, daily_phase_cos=0.2588190451025212, session_position=0.0, time_to_close=299.0, weekend_proximity=0.42857142857142855, absolute_timestamp=1753743600, day_of_week=1, month_phase=0.9354838709677419, normalized_price=0.23526, price_delta_1m=-0.009341052405739235, price_delta_5m=-0.00838942803829122, price_delta_15m=-0.007645071587867608, volatility_window=0.03839605224106486, energy_state=0.148, contamination_coefficient=0, fisher_regime=0, session_character=0, cross_tf_confluence=1.0, event_type_id=0, timeframe_source=0, liquidity_type=0, fpfvg_gap_size=0.0, fpfvg_interaction_count=0, first_presentation_flag=0.0, pd_array_strength=0.0, structural_importance=0.0, raw_json={'timestamp': '19:00:00', 'price_level': 23526.0, 'movement_type': 'open'})",
    "RichNodeFeature(time_minutes=-420.0, daily_phase_sin=1.2246467991473532e-16, daily_phase_cos=-1.0, session_position=-1.4046822742474916, time_to_close=719.0, weekend_proximity=0.42857142857142855, absolute_timestamp=1753743600, day_of_week=1, month_phase=0.9354838709677419, normalized_price=0.235475, price_delta_1m=0.008571841513862045, price_delta_5m=0.00870272057392504, price_delta_15m=0.0008280663810430388, volatility_window=0.019606874831945342, energy_state=0.148, contamination_coefficient=0, fisher_regime=0, session_character=0, cross_tf_confluence=1.0, event_type_id=1, timeframe_source=0, liquidity_type=0, fpfvg_gap_size=0.0, fpfvg_interaction_count=0, first_presentation_flag=0.0, pd_array_strength=0.0, structural_importance=0.0, raw_json={'timestamp': '12:00:00', 'price_level': 23547.5, 'movement_type': 'session_high'})",
    "RichNodeFeature(time_minutes=-390.0, daily_phase_sin=-0.13052619222005132, daily_phase_cos=-0.9914448613738105, session_position=-1.3043478260869565, time_to_close=689.0, weekend_proximity=0.42857142857142855, absolute_timestamp=1753743600, day_of_week=1, month_phase=0.9354838709677419, normalized_price=0.235165, price_delta_1m=0.009083312676773096, price_delta_5m=-0.005129575047271643, price_delta_15m=0.004174197759205878, volatility_window=0.03170535486044532, energy_state=0.148, contamination_coefficient=0, fisher_regime=0, session_character=0, cross_tf_confluence=1.0, event_type_id=2, timeframe_source=0, liquidity_type=0, fpfvg_gap_size=0.0, fpfvg_interaction_count=0, first_presentation_flag=0.0, pd_array_strength=0.0, structural_importance=0.0, raw_json={'timestamp': '12:30:00', 'price_level': 23516.5, 'movement_type': 'session_low'})",
    "RichNodeFeature(time_minutes=296.0, daily_phase_sin=-0.01745240643728445, daily_phase_cos=0.9998476951563913, session_position=0.9899665551839465, time_to_close=3.0, weekend_proximity=0.42857142857142855, absolute_timestamp=1753743600, day_of_week=1, month_phase=0.9354838709677419, normalized_price=0.2354325, price_delta_1m=-0.0008831312753135587, price_delta_5m=0.006987637122925321, price_delta_15m=-0.0045175463159271515, volatility_window=0.04304615731982623, energy_state=0.148, contamination_coefficient=0, fisher_regime=0, session_character=0, cross_tf_confluence=1.0, event_type_id=3, timeframe_source=0, liquidity_type=0, fpfvg_gap_size=0.0, fpfvg_interaction_count=0, first_presentation_flag=0.0, pd_array_strength=0.0, structural_importance=0.0, raw_json={'timestamp': '23:56:00', 'price_level': 23543.25, 'movement_type': 'close'})",
    "RichNodeFeature(time_minutes=1.0, daily_phase_sin=-0.9647873238288129, daily_phase_cos=0.26303121445797495, session_position=0.0033444816053511705, time_to_close=298.0, weekend_proximity=0.42857142857142855, absolute_timestamp=1753743600, day_of_week=1, month_phase=0.9354838709677419, normalized_price=0.23529, price_delta_1m=-0.011748783464210046, price_delta_5m=-0.007582903022958413, price_delta_15m=0.008825298677869077, volatility_window=0.01028512064716599, energy_state=0.148, contamination_coefficient=0, fisher_regime=0, session_character=0, cross_tf_confluence=1.0, event_type_id=4, timeframe_source=0, liquidity_type=0, fpfvg_gap_size=0.0, fpfvg_interaction_count=0, first_presentation_flag=0.0, pd_array_strength=0.0, structural_importance=0.0, raw_json={'timestamp': '19:01:00', 'price': 23529.0, 'action': 'sweep', 'context': \"Previous day's New York AM session high taken\"})",
