{
  "nodes": {
    "1m": [
      0,
      1,
      2,
      3,
      4,
      5,
      6,
      7,
      8,
      9,
      10,
      11,
      12,
      13,
      14,
      15
    ],
    "5m": [],
    "15m": [],
    "1h": [
      16
    ],
    "D": [],
    "W": []
  },
  "rich_node_features": [
    "RichNodeFeature(time_minutes=0.0, daily_phase_sin=-0.9659258262890682, daily_phase_cos=0.2588190451025212, session_position=0.0, time_to_close=299.0, weekend_proximity=0.42857142857142855, absolute_timestamp=1753743600, day_of_week=1, month_phase=0.9354838709677419, normalized_price=0.23526, price_delta_1m=-0.001256158018178131, price_delta_5m=0.0014633805716002051, price_delta_15m=0.0022116877153675464, volatility_window=0.014139990462252908, energy_state=0.148, contamination_coefficient=0, fisher_regime=0, session_character=0, cross_tf_confluence=1.0, event_type_id=0, timeframe_source=0, liquidity_type=0, fpfvg_gap_size=0.0, fpfvg_interaction_count=0, first_presentation_flag=0.0, pd_array_strength=0.0, structural_importance=0.0, raw_json={'timestamp': '19:00:00', 'price_level': 23526.0, 'movement_type': 'open'})",
    "RichNodeFeature(time_minutes=-420.0, daily_phase_sin=1.2246467991473532e-16, daily_phase_cos=-1.0, session_position=-1.4046822742474916, time_to_close=719.0, weekend_proximity=0.42857142857142855, absolute_timestamp=1753743600, day_of_week=1, month_phase=0.9354838709677419, normalized_price=0.235475, price_delta_1m=0.011450225827510907, price_delta_5m=-0.006112087662910602, price_delta_15m=-0.00251085655867239, volatility_window=0.02773972760627816, energy_state=0.148, contamination_coefficient=0, fisher_regime=0, session_character=0, cross_tf_confluence=1.0, event_type_id=1, timeframe_source=0, liquidity_type=0, fpfvg_gap_size=0.0, fpfvg_interaction_count=0, first_presentation_flag=0.0, pd_array_strength=0.0, structural_importance=0.0, raw_json={'timestamp': '12:00:00', 'price_level': 23547.5, 'movement_type': 'session_high'})",
    "RichNodeFeature(time_minutes=-390.0, daily_phase_sin=-0.13052619222005132, daily_phase_cos=-0.9914448613738105, session_position=-1.3043478260869565, time_to_close=689.0, weekend_proximity=0.42857142857142855, absolute_timestamp=1753743600, day_of_week=1, month_phase=0.9354838709677419, normalized_price=0.235165, price_delta_1m=-0.006487109158095416, price_delta_5m=-0.007468738784767899, price_delta_15m=-0.0021324697111369125, volatility_window=0.014374090641171754, energy_state=0.148, contamination_coefficient=0, fisher_regime=0, session_character=0, cross_tf_confluence=1.0, event_type_id=2, timeframe_source=0, liquidity_type=0, fpfvg_gap_size=0.0, fpfvg_interaction_count=0, first_presentation_flag=0.0, pd_array_strength=0.0, structural_importance=0.0, raw_json={'timestamp': '12:30:00', 'price_level': 23516.5, 'movement_type': 'session_low'})",
    "RichNodeFeature(time_minutes=299.0, daily_phase_sin=-0.004363309284747432, daily_phase_cos=0.9999904807207345, session_position=1.0, time_to_close=0, weekend_proximity=0.42857142857142855, absolute_timestamp=1753743600, day_of_week=1, month_phase=0.9354838709677419, normalized_price=0.2354325, price_delta_1m=0.011330207814258553, price_delta_5m=0.0032562406861655576, price_delta_15m=-0.010815352424638887, volatility_window=0.028941389561098346, energy_state=0.148, contamination_coefficient=0, fisher_regime=0, session_character=0, cross_tf_confluence=1.0, event_type_id=3, timeframe_source=0, liquidity_type=0, fpfvg_gap_size=0.0, fpfvg_interaction_count=0, first_presentation_flag=0.0, pd_array_strength=0.0, structural_importance=0.0, raw_json={'timestamp': '23:59:00', 'price_level': 23543.25, 'movement_type': 'close'})",
    "RichNodeFeature(time_minutes=0.0, daily_phase_sin=-0.9659258262890682, daily_phase_cos=0.2588190451025212, session_position=0.0, time_to_close=299.0, weekend_proximity=0.42857142857142855, absolute_timestamp=1753743600, day_of_week=1, month_phase=0.9354838709677419, normalized_price=0.23526, price_delta_1m=0.011767740333859442, price_delta_5m=-0.010538615712213385, price_delta_15m=-0.023803258932995414, volatility_window=0.04369078798057947, energy_state=0.148, contamination_coefficient=0, fisher_regime=0, session_character=0, cross_tf_confluence=1.0, event_type_id=0, timeframe_source=0, liquidity_type=0, fpfvg_gap_size=0.0, fpfvg_interaction_count=0, first_presentation_flag=0.0, pd_array_strength=0.0, structural_importance=0.0, raw_json={'timestamp': '19:00:00', 'price_level': 23526.0, 'movement_type': 'open'})",
    "RichNodeFeature(time_minutes=-420.0, daily_phase_sin=1.2246467991473532e-16, daily_phase_cos=-1.0, session_position=-1.4046822742474916, time_to_close=719.0, weekend_proximity=0.42857142857142855, absolute_timestamp=1753743600, day_of_week=1, month_phase=0.9354838709677419, normalized_price=0.235475, price_delta_1m=0.00905125716629673, price_delta_5m=0.008750714313906807, price_delta_15m=0.004321971410582094, volatility_window=0.03717023715723078, energy_state=0.148, contamination_coefficient=0, fisher_regime=0, session_character=0, cross_tf_confluence=1.0, event_type_id=1, timeframe_source=0, liquidity_type=0, fpfvg_gap_size=0.0, fpfvg_interaction_count=0, first_presentation_flag=0.0, pd_array_strength=0.0, structural_importance=0.0, raw_json={'timestamp': '12:00:00', 'price_level': 23547.5, 'movement_type': 'session_high'})",
    "RichNodeFeature(time_minutes=-390.0, daily_phase_sin=-0.13052619222005132, daily_phase_cos=-0.9914448613738105, session_position=-1.3043478260869565, time_to_close=689.0, weekend_proximity=0.42857142857142855, absolute_timestamp=1753743600, day_of_week=1, month_phase=0.9354838709677419, normalized_price=0.235165, price_delta_1m=-0.000542905625421096, price_delta_5m=-0.007177439579533433, price_delta_15m=-0.00690831946256211, volatility_window=0.04823148117107992, energy_state=0.148, contamination_coefficient=0, fisher_regime=0, session_character=0, cross_tf_confluence=1.0, event_type_id=2, timeframe_source=0, liquidity_type=0, fpfvg_gap_size=0.0, fpfvg_interaction_count=0, first_presentation_flag=0.0, pd_array_strength=0.0, structural_importance=0.0, raw_json={'timestamp': '12:30:00', 'price_level': 23516.5, 'movement_type': 'session_low'})",
    "RichNodeFeature(time_minutes=296.0, daily_phase_sin=-0.01745240643728445, daily_phase_cos=0.9998476951563913, session_position=0.9899665551839465, time_to_close=3.0, weekend_proximity=0.42857142857142855, absolute_timestamp=1753743600, day_of_week=1, month_phase=0.9354838709677419, normalized_price=0.2354325, price_delta_1m=0.008869906532048636, price_delta_5m=0.002750291256501837, price_delta_15m=-0.016470466340867313, volatility_window=0.020169183512331306, energy_state=0.148, contamination_coefficient=0, fisher_regime=0, session_character=0, cross_tf_confluence=1.0, event_type_id=3, timeframe_source=0, liquidity_type=0, fpfvg_gap_size=0.0, fpfvg_interaction_count=0, first_presentation_flag=0.0, pd_array_strength=0.0, structural_importance=0.0, raw_json={'timestamp': '23:56:00', 'price_level': 23543.25, 'movement_type': 'close'})",
    "RichNodeFeature(time_minutes=1.0, daily_phase_sin=-0.9647873238288129, daily_phase_cos=0.26303121445797495, session_position=0.0033444816053511705, time_to_close=298.0, weekend_proximity=0.42857142857142855, absolute_timestamp=1753743600, day_of_week=1, month_phase=0.9354838709677419, normalized_price=0.23529, price_delta_1m=0.007544839314935587, price_delta_5m=0.005403955843344921, price_delta_15m=0.006961032796611816, volatility_window=0.03313986679644558, energy_state=0.148, contamination_coefficient=0, fisher_regime=0, session_character=0, cross_tf_confluence=1.0, event_type_id=4, timeframe_source=0, liquidity_type=0, fpfvg_gap_size=0.0, fpfvg_interaction_count=0, first_presentation_flag=0.0, pd_array_strength=0.0, structural_importance=0.0, raw_json={'timestamp': '19:01:00', 'price': 23529.0, 'action': 'sweep', 'context': \"Previous day's New York AM session high taken\"})",
