{
  "nodes": {
    "1m": [
      0,
      1,
      2,
      3,
      4,
      5,
      6,
      7,
      8,
      9,
      10,
      11,
      12,
      13,
      14,
      15,
      16,
      17
    ],
    "5m": [],
    "15m": [],
    "1h": [
      18
    ],
    "D": [],
    "W": []
  },
  "rich_node_features": [
    "RichNodeFeature(time_minutes=0.0, daily_phase_sin=1.2246467991473532e-16, daily_phase_cos=-1.0, session_position=0.0, time_to_close=59.0, weekend_proximity=0.42857142857142855, absolute_timestamp=1753743600, day_of_week=1, month_phase=0.9354838709677419, normalized_price=0.2350375, price_delta_1m=-0.01400366681691748, price_delta_5m=-0.0037684418645542016, price_delta_15m=0.0073832102063551884, volatility_window=0.04615766058782406, energy_state=0.0295, contamination_coefficient=0, fisher_regime=0, session_character=0, cross_tf_confluence=1.0, event_type_id=0, timeframe_source=0, liquidity_type=0, fpfvg_gap_size=0.0, fpfvg_interaction_count=0, first_presentation_flag=0.0, pd_array_strength=0.0, structural_importance=0.0, raw_json={'timestamp': '12:00:00', 'price_level': 23503.75, 'movement_type': 'open'})",
    "RichNodeFeature(time_minutes=0.0, daily_phase_sin=1.2246467991473532e-16, daily_phase_cos=-1.0, session_position=0.0, time_to_close=59.0, weekend_proximity=0.42857142857142855, absolute_timestamp=1753743600, day_of_week=1, month_phase=0.9354838709677419, normalized_price=0.2351375, price_delta_1m=0.012421764247840777, price_delta_5m=0.0064212377826284575, price_delta_15m=0.007276417930965728, volatility_window=0.03001264271409137, energy_state=0.0295, contamination_coefficient=0, fisher_regime=0, session_character=0, cross_tf_confluence=1.0, event_type_id=1, timeframe_source=0, liquidity_type=0, fpfvg_gap_size=0.0, fpfvg_interaction_count=0, first_presentation_flag=0.0, pd_array_strength=0.0, structural_importance=0.0, raw_json={'timestamp': '12:00:00', 'price_level': 23513.75, 'movement_type': 'session_high'})",
    "RichNodeFeature(time_minutes=30.0, daily_phase_sin=-0.13052619222005132, daily_phase_cos=-0.9914448613738105, session_position=0.5084745762711864, time_to_close=29.0, weekend_proximity=0.42857142857142855, absolute_timestamp=1753743600, day_of_week=1, month_phase=0.9354838709677419, normalized_price=0.234485, price_delta_1m=0.0059208837908763315, price_delta_5m=0.0062112782692946115, price_delta_15m=-0.003991389827338679, volatility_window=0.04534588741264947, energy_state=0.0295, contamination_coefficient=0, fisher_regime=0, session_character=0, cross_tf_confluence=1.0, event_type_id=2, timeframe_source=0, liquidity_type=0, fpfvg_gap_size=0.0, fpfvg_interaction_count=0, first_presentation_flag=0.0, pd_array_strength=0.0, structural_importance=0.0, raw_json={'timestamp': '12:30:00', 'price_level': 23448.5, 'movement_type': 'session_low'})",
    "RichNodeFeature(time_minutes=59.0, daily_phase_sin=-0.25460194820552745, daily_phase_cos=-0.9670459389139432, session_position=1.0, time_to_close=0, weekend_proximity=0.42857142857142855, absolute_timestamp=1753743600, day_of_week=1, month_phase=0.9354838709677419, normalized_price=0.2350725, price_delta_1m=-0.007767735717718469, price_delta_5m=-0.015017709522913257, price_delta_15m=-0.0025323098249448463, volatility_window=0.025620768683164125, energy_state=0.0295, contamination_coefficient=0, fisher_regime=0, session_character=0, cross_tf_confluence=1.0, event_type_id=3, timeframe_source=0, liquidity_type=0, fpfvg_gap_size=0.0, fpfvg_interaction_count=0, first_presentation_flag=0.0, pd_array_strength=0.0, structural_importance=0.0, raw_json={'timestamp': '12:59:00', 'price_level': 23507.25, 'movement_type': 'close'})",
    "RichNodeFeature(time_minutes=0.0, daily_phase_sin=1.2246467991473532e-16, daily_phase_cos=-1.0, session_position=0.0, time_to_close=59.0, weekend_proximity=0.42857142857142855, absolute_timestamp=1753743600, day_of_week=1, month_phase=0.9354838709677419, normalized_price=0.2350375, price_delta_1m=-0.010733822800354764, price_delta_5m=0.008331350104636667, price_delta_15m=0.005788901743051646, volatility_window=0.03217917255838625, energy_state=0.0295, contamination_coefficient=0, fisher_regime=0, session_character=0, cross_tf_confluence=1.0, event_type_id=0, timeframe_source=0, liquidity_type=0, fpfvg_gap_size=0.0, fpfvg_interaction_count=0, first_presentation_flag=0.0, pd_array_strength=0.0, structural_importance=0.0, raw_json={'timestamp': '12:00:00', 'price_level': 23503.75, 'movement_type': 'open'})",
    "RichNodeFeature(time_minutes=0.0, daily_phase_sin=1.2246467991473532e-16, daily_phase_cos=-1.0, session_position=0.0, time_to_close=59.0, weekend_proximity=0.42857142857142855, absolute_timestamp=1753743600, day_of_week=1, month_phase=0.9354838709677419, normalized_price=0.2351375, price_delta_1m=-0.012739159698076931, price_delta_5m=-0.0030854249424106164, price_delta_15m=0.026686773537124814, volatility_window=0.036160622776680716, energy_state=0.0295, contamination_coefficient=0, fisher_regime=0, session_character=0, cross_tf_confluence=1.0, event_type_id=1, timeframe_source=0, liquidity_type=0, fpfvg_gap_size=0.0, fpfvg_interaction_count=0, first_presentation_flag=0.0, pd_array_strength=0.0, structural_importance=0.0, raw_json={'timestamp': '12:00:00', 'price_level': 23513.75, 'movement_type': 'session_high'})",
    "RichNodeFeature(time_minutes=30.0, daily_phase_sin=-0.13052619222005132, daily_phase_cos=-0.9914448613738105, session_position=0.5084745762711864, time_to_close=29.0, weekend_proximity=0.42857142857142855, absolute_timestamp=1753743600, day_of_week=1, month_phase=0.9354838709677419, normalized_price=0.234485, price_delta_1m=0.0017586019878175483, price_delta_5m=-0.007736427081927399, price_delta_15m=-0.001555662538947988, volatility_window=0.035339788475040074, energy_state=0.0295, contamination_coefficient=0, fisher_regime=0, session_character=0, cross_tf_confluence=1.0, event_type_id=2, timeframe_source=0, liquidity_type=0, fpfvg_gap_size=0.0, fpfvg_interaction_count=0, first_presentation_flag=0.0, pd_array_strength=0.0, structural_importance=0.0, raw_json={'timestamp': '12:30:00', 'price_level': 23448.5, 'movement_type': 'session_low'})",
    "RichNodeFeature(time_minutes=59.0, daily_phase_sin=-0.25460194820552745, daily_phase_cos=-0.9670459389139432, session_position=1.0, time_to_close=0, weekend_proximity=0.42857142857142855, absolute_timestamp=1753743600, day_of_week=1, month_phase=0.9354838709677419, normalized_price=0.2350725, price_delta_1m=-0.01030375867752974, price_delta_5m=-0.011501682385857087, price_delta_15m=0.0005506316954342233, volatility_window=0.022045424190640858, energy_state=0.0295, contamination_coefficient=0, fisher_regime=0, session_character=0, cross_tf_confluence=1.0, event_type_id=3, timeframe_source=0, liquidity_type=0, fpfvg_gap_size=0.0, fpfvg_interaction_count=0, first_presentation_flag=0.0, pd_array_strength=0.0, structural_importance=0.0, raw_json={'timestamp': '12:59:00', 'price_level': 23507.25, 'movement_type': 'close'})",
    "RichNodeFeature(time_minutes=1.0, daily_phase_sin=-0.004363309284746177, daily_phase_cos=-0.9999904807207345, session_position=0.01694915254237288, time_to_close=58.0, weekend_proximity=0.42857142857142855, absolute_timestamp=1753743600, day_of_week=1, month_phase=0.9354838709677419, normalized_price=0.2351375, price_delta_1m=-0.010213595346080602, price_delta_5m=0.006995568199980909, price_delta_15m=0.002482408079158873, volatility_window=0.04039307931281101, energy_state=0.0295, contamination_coefficient=0, fisher_regime=0, session_character=0, cross_tf_confluence=1.0, event_type_id=4, timeframe_source=0, liquidity_type=0, fpfvg_gap_size=0.0, fpfvg_interaction_count=0, first_presentation_flag=0.0, pd_array_strength=0.0, structural_importance=0.0, raw_json={'timestamp': '12:01:00', 'price': 23513.75, 'action': 'touch', 'context': 'Lunch session high created, expansion lower initiated'})",
