{
  "nodes": {
    "1m": [
      0,
      1,
      2,
      3,
      4,
      5,
      6,
      7,
      8,
      9,
      10,
      11,
      12,
      13,
      14,
      15,
      16,
      17
    ],
    "5m": [],
    "15m": [],
    "1h": [
      18
    ],
    "D": [],
    "W": []
  },
  "rich_node_features": [
    "RichNodeFeature(time_minutes=0.0, daily_phase_sin=1.2246467991473532e-16, daily_phase_cos=-1.0, session_position=0.0, time_to_close=59.0, weekend_proximity=0.42857142857142855, absolute_timestamp=1753743600, day_of_week=1, month_phase=0.9354838709677419, normalized_price=0.2350375, price_delta_1m=0.0007312356743992592, price_delta_5m=-0.0012191124360036699, price_delta_15m=-0.010294767509817358, volatility_window=0.01198601375681171, energy_state=0.0295, contamination_coefficient=0, fisher_regime=0, session_character=0, cross_tf_confluence=1.0, event_type_id=0, timeframe_source=0, liquidity_type=0, fpfvg_gap_size=0.0, fpfvg_interaction_count=0, first_presentation_flag=0.0, pd_array_strength=0.0, structural_importance=0.0, raw_json={'timestamp': '12:00:00', 'price_level': 23503.75, 'movement_type': 'open'})",
    "RichNodeFeature(time_minutes=0.0, daily_phase_sin=1.2246467991473532e-16, daily_phase_cos=-1.0, session_position=0.0, time_to_close=59.0, weekend_proximity=0.42857142857142855, absolute_timestamp=1753743600, day_of_week=1, month_phase=0.9354838709677419, normalized_price=0.2351375, price_delta_1m=-0.0007960095495755411, price_delta_5m=-0.015088422502344137, price_delta_15m=-0.005169942962637456, volatility_window=0.02976936476051783, energy_state=0.0295, contamination_coefficient=0, fisher_regime=0, session_character=0, cross_tf_confluence=1.0, event_type_id=1, timeframe_source=0, liquidity_type=0, fpfvg_gap_size=0.0, fpfvg_interaction_count=0, first_presentation_flag=0.0, pd_array_strength=0.0, structural_importance=0.0, raw_json={'timestamp': '12:00:00', 'price_level': 23513.75, 'movement_type': 'session_high'})",
    "RichNodeFeature(time_minutes=30.0, daily_phase_sin=-0.13052619222005132, daily_phase_cos=-0.9914448613738105, session_position=0.5084745762711864, time_to_close=29.0, weekend_proximity=0.42857142857142855, absolute_timestamp=1753743600, day_of_week=1, month_phase=0.9354838709677419, normalized_price=0.234485, price_delta_1m=0.00020621864205905418, price_delta_5m=0.012087794144440134, price_delta_15m=-0.004817458673964854, volatility_window=0.034647723287557185, energy_state=0.0295, contamination_coefficient=0, fisher_regime=0, session_character=0, cross_tf_confluence=1.0, event_type_id=2, timeframe_source=0, liquidity_type=0, fpfvg_gap_size=0.0, fpfvg_interaction_count=0, first_presentation_flag=0.0, pd_array_strength=0.0, structural_importance=0.0, raw_json={'timestamp': '12:30:00', 'price_level': 23448.5, 'movement_type': 'session_low'})",
    "RichNodeFeature(time_minutes=59.0, daily_phase_sin=-0.25460194820552745, daily_phase_cos=-0.9670459389139432, session_position=1.0, time_to_close=0, weekend_proximity=0.42857142857142855, absolute_timestamp=1753743600, day_of_week=1, month_phase=0.9354838709677419, normalized_price=0.2350725, price_delta_1m=-0.014240756452961257, price_delta_5m=-0.007581081650709387, price_delta_15m=-0.0170415427739706, volatility_window=0.03568371863539141, energy_state=0.0295, contamination_coefficient=0, fisher_regime=0, session_character=0, cross_tf_confluence=1.0, event_type_id=3, timeframe_source=0, liquidity_type=0, fpfvg_gap_size=0.0, fpfvg_interaction_count=0, first_presentation_flag=0.0, pd_array_strength=0.0, structural_importance=0.0, raw_json={'timestamp': '12:59:00', 'price_level': 23507.25, 'movement_type': 'close'})",
    "RichNodeFeature(time_minutes=0.0, daily_phase_sin=1.2246467991473532e-16, daily_phase_cos=-1.0, session_position=0.0, time_to_close=59.0, weekend_proximity=0.42857142857142855, absolute_timestamp=1753743600, day_of_week=1, month_phase=0.9354838709677419, normalized_price=0.2350375, price_delta_1m=0.0008973469010212971, price_delta_5m=0.0014430805509350376, price_delta_15m=-0.0075749698912959285, volatility_window=0.013266865536266829, energy_state=0.0295, contamination_coefficient=0, fisher_regime=0, session_character=0, cross_tf_confluence=1.0, event_type_id=0, timeframe_source=0, liquidity_type=0, fpfvg_gap_size=0.0, fpfvg_interaction_count=0, first_presentation_flag=0.0, pd_array_strength=0.0, structural_importance=0.0, raw_json={'timestamp': '12:00:00', 'price_level': 23503.75, 'movement_type': 'open'})",
    "RichNodeFeature(time_minutes=0.0, daily_phase_sin=1.2246467991473532e-16, daily_phase_cos=-1.0, session_position=0.0, time_to_close=59.0, weekend_proximity=0.42857142857142855, absolute_timestamp=1753743600, day_of_week=1, month_phase=0.9354838709677419, normalized_price=0.2351375, price_delta_1m=0.008711516448235753, price_delta_5m=-0.0018715192715814232, price_delta_15m=-0.0010341153756758055, volatility_window=0.01799592643738401, energy_state=0.0295, contamination_coefficient=0, fisher_regime=0, session_character=0, cross_tf_confluence=1.0, event_type_id=1, timeframe_source=0, liquidity_type=0, fpfvg_gap_size=0.0, fpfvg_interaction_count=0, first_presentation_flag=0.0, pd_array_strength=0.0, structural_importance=0.0, raw_json={'timestamp': '12:00:00', 'price_level': 23513.75, 'movement_type': 'session_high'})",
    "RichNodeFeature(time_minutes=30.0, daily_phase_sin=-0.13052619222005132, daily_phase_cos=-0.9914448613738105, session_position=0.5084745762711864, time_to_close=29.0, weekend_proximity=0.42857142857142855, absolute_timestamp=1753743600, day_of_week=1, month_phase=0.9354838709677419, normalized_price=0.234485, price_delta_1m=-0.011281920820357567, price_delta_5m=0.02338215879503422, price_delta_15m=0.011256773522995913, volatility_window=0.03382280912150113, energy_state=0.0295, contamination_coefficient=0, fisher_regime=0, session_character=0, cross_tf_confluence=1.0, event_type_id=2, timeframe_source=0, liquidity_type=0, fpfvg_gap_size=0.0, fpfvg_interaction_count=0, first_presentation_flag=0.0, pd_array_strength=0.0, structural_importance=0.0, raw_json={'timestamp': '12:30:00', 'price_level': 23448.5, 'movement_type': 'session_low'})",
    "RichNodeFeature(time_minutes=59.0, daily_phase_sin=-0.25460194820552745, daily_phase_cos=-0.9670459389139432, session_position=1.0, time_to_close=0, weekend_proximity=0.42857142857142855, absolute_timestamp=1753743600, day_of_week=1, month_phase=0.9354838709677419, normalized_price=0.2350725, price_delta_1m=0.0008624804968075481, price_delta_5m=0.01815694892798989, price_delta_15m=-0.0071733995672541495, volatility_window=0.018777816624744467, energy_state=0.0295, contamination_coefficient=0, fisher_regime=0, session_character=0, cross_tf_confluence=1.0, event_type_id=3, timeframe_source=0, liquidity_type=0, fpfvg_gap_size=0.0, fpfvg_interaction_count=0, first_presentation_flag=0.0, pd_array_strength=0.0, structural_importance=0.0, raw_json={'timestamp': '12:59:00', 'price_level': 23507.25, 'movement_type': 'close'})",
    "RichNodeFeature(time_minutes=1.0, daily_phase_sin=-0.004363309284746177, daily_phase_cos=-0.9999904807207345, session_position=0.01694915254237288, time_to_close=58.0, weekend_proximity=0.42857142857142855, absolute_timestamp=1753743600, day_of_week=1, month_phase=0.9354838709677419, normalized_price=0.2351375, price_delta_1m=0.0004968660125036164, price_delta_5m=-0.013331930810097216, price_delta_15m=-0.006487217241395112, volatility_window=0.013345570676709634, energy_state=0.0295, contamination_coefficient=0, fisher_regime=0, session_character=0, cross_tf_confluence=1.0, event_type_id=4, timeframe_source=0, liquidity_type=0, fpfvg_gap_size=0.0, fpfvg_interaction_count=0, first_presentation_flag=0.0, pd_array_strength=0.0, structural_importance=0.0, raw_json={'timestamp': '12:01:00', 'price': 23513.75, 'action': 'touch', 'context': 'Lunch session high created, expansion lower initiated'})",
