{
  "nodes": {
    "1m": [
      0,
      1,
      2,
      3,
      4,
      5,
      6,
      7,
      8,
      9,
      10,
      11,
      12,
      13,
      14,
      15
    ],
    "5m": [],
    "15m": [],
    "1h": [
      16
    ],
    "D": [],
    "W": []
  },
  "rich_node_features": [
    "RichNodeFeature(time_minutes=0.0, daily_phase_sin=1.2246467991473532e-16, daily_phase_cos=-1.0, session_position=0.0, time_to_close=59.0, weekend_proximity=0.42857142857142855, absolute_timestamp=1753830000, day_of_week=2, month_phase=0.967741935483871, normalized_price=0.2352975, price_delta_1m=-0.008511099976507688, price_delta_5m=-0.008587906544303178, price_delta_15m=-0.0009474269775490465, volatility_window=0.010679798208256859, energy_state=0.0295, contamination_coefficient=0, fisher_regime=0, session_character=0, cross_tf_confluence=1.0, event_type_id=0, timeframe_source=0, liquidity_type=0, fpfvg_gap_size=0.0, fpfvg_interaction_count=0, first_presentation_flag=0.0, pd_array_strength=0.0, structural_importance=0.0, raw_json={'timestamp': '12:00:00', 'price_level': 23529.75, 'movement_type': 'open'})",
    "RichNodeFeature(time_minutes=0.0, daily_phase_sin=1.2246467991473532e-16, daily_phase_cos=-1.0, session_position=0.0, time_to_close=59.0, weekend_proximity=0.42857142857142855, absolute_timestamp=1753830000, day_of_week=2, month_phase=0.967741935483871, normalized_price=0.23547, price_delta_1m=-0.009625693495412913, price_delta_5m=-0.005771187517993955, price_delta_15m=-0.00486085991237079, volatility_window=0.0343430302417736, energy_state=0.0295, contamination_coefficient=0, fisher_regime=0, session_character=0, cross_tf_confluence=1.0, event_type_id=1, timeframe_source=0, liquidity_type=0, fpfvg_gap_size=0.0, fpfvg_interaction_count=0, first_presentation_flag=0.0, pd_array_strength=0.0, structural_importance=0.0, raw_json={'timestamp': '12:00:00', 'price_level': 23547.0, 'movement_type': 'session_high'})",
    "RichNodeFeature(time_minutes=30.0, daily_phase_sin=-0.13052619222005132, daily_phase_cos=-0.9914448613738105, session_position=0.5084745762711864, time_to_close=29.0, weekend_proximity=0.42857142857142855, absolute_timestamp=1753830000, day_of_week=2, month_phase=0.967741935483871, normalized_price=0.2351675, price_delta_1m=0.0039112599634594635, price_delta_5m=-0.002476159265470516, price_delta_15m=-0.014424515695238114, volatility_window=0.03144392841563619, energy_state=0.0295, contamination_coefficient=0, fisher_regime=0, session_character=0, cross_tf_confluence=1.0, event_type_id=2, timeframe_source=0, liquidity_type=0, fpfvg_gap_size=0.0, fpfvg_interaction_count=0, first_presentation_flag=0.0, pd_array_strength=0.0, structural_importance=0.0, raw_json={'timestamp': '12:30:00', 'price_level': 23516.75, 'movement_type': 'session_low'})",
    "RichNodeFeature(time_minutes=59.0, daily_phase_sin=-0.25460194820552745, daily_phase_cos=-0.9670459389139432, session_position=1.0, time_to_close=0, weekend_proximity=0.42857142857142855, absolute_timestamp=1753830000, day_of_week=2, month_phase=0.967741935483871, normalized_price=0.23534, price_delta_1m=0.019415514646378224, price_delta_5m=-0.007266129762322667, price_delta_15m=-0.005686037494912849, volatility_window=0.018892413031677716, energy_state=0.0295, contamination_coefficient=0, fisher_regime=0, session_character=0, cross_tf_confluence=1.0, event_type_id=3, timeframe_source=0, liquidity_type=0, fpfvg_gap_size=0.0, fpfvg_interaction_count=0, first_presentation_flag=0.0, pd_array_strength=0.0, structural_importance=0.0, raw_json={'timestamp': '12:59:00', 'price_level': 23534.0, 'movement_type': 'close'})",
    "RichNodeFeature(time_minutes=0.0, daily_phase_sin=1.2246467991473532e-16, daily_phase_cos=-1.0, session_position=0.0, time_to_close=59.0, weekend_proximity=0.42857142857142855, absolute_timestamp=1753830000, day_of_week=2, month_phase=0.967741935483871, normalized_price=0.2352975, price_delta_1m=-0.008290345512144182, price_delta_5m=0.0035245254708852584, price_delta_15m=-0.011553782359285196, volatility_window=0.01916428965012782, energy_state=0.0295, contamination_coefficient=0, fisher_regime=0, session_character=0, cross_tf_confluence=1.0, event_type_id=0, timeframe_source=0, liquidity_type=0, fpfvg_gap_size=0.0, fpfvg_interaction_count=0, first_presentation_flag=0.0, pd_array_strength=0.0, structural_importance=0.0, raw_json={'timestamp': '12:00:00', 'price_level': 23529.75, 'movement_type': 'open'})",
    "RichNodeFeature(time_minutes=0.0, daily_phase_sin=1.2246467991473532e-16, daily_phase_cos=-1.0, session_position=0.0, time_to_close=59.0, weekend_proximity=0.42857142857142855, absolute_timestamp=1753830000, day_of_week=2, month_phase=0.967741935483871, normalized_price=0.23547, price_delta_1m=0.004449279942431213, price_delta_5m=-0.0192499352071165, price_delta_15m=-0.00034334883342976286, volatility_window=0.015765363168900048, energy_state=0.0295, contamination_coefficient=0, fisher_regime=0, session_character=0, cross_tf_confluence=1.0, event_type_id=1, timeframe_source=0, liquidity_type=0, fpfvg_gap_size=0.0, fpfvg_interaction_count=0, first_presentation_flag=0.0, pd_array_strength=0.0, structural_importance=0.0, raw_json={'timestamp': '12:00:00', 'price_level': 23547.0, 'movement_type': 'session_high'})",
    "RichNodeFeature(time_minutes=30.0, daily_phase_sin=-0.13052619222005132, daily_phase_cos=-0.9914448613738105, session_position=0.5084745762711864, time_to_close=29.0, weekend_proximity=0.42857142857142855, absolute_timestamp=1753830000, day_of_week=2, month_phase=0.967741935483871, normalized_price=0.2351675, price_delta_1m=-0.007147851080521982, price_delta_5m=-0.003274593511167971, price_delta_15m=0.004155894575813429, volatility_window=0.04924733678680962, energy_state=0.0295, contamination_coefficient=0, fisher_regime=0, session_character=0, cross_tf_confluence=1.0, event_type_id=2, timeframe_source=0, liquidity_type=0, fpfvg_gap_size=0.0, fpfvg_interaction_count=0, first_presentation_flag=0.0, pd_array_strength=0.0, structural_importance=0.0, raw_json={'timestamp': '12:30:00', 'price_level': 23516.75, 'movement_type': 'session_low'})",
    "RichNodeFeature(time_minutes=59.0, daily_phase_sin=-0.25460194820552745, daily_phase_cos=-0.9670459389139432, session_position=1.0, time_to_close=0, weekend_proximity=0.42857142857142855, absolute_timestamp=1753830000, day_of_week=2, month_phase=0.967741935483871, normalized_price=0.23534, price_delta_1m=0.020168183843451017, price_delta_5m=0.010283539942613289, price_delta_15m=-0.0008130400029411692, volatility_window=0.01105488117669422, energy_state=0.0295, contamination_coefficient=0, fisher_regime=0, session_character=0, cross_tf_confluence=1.0, event_type_id=3, timeframe_source=0, liquidity_type=0, fpfvg_gap_size=0.0, fpfvg_interaction_count=0, first_presentation_flag=0.0, pd_array_strength=0.0, structural_importance=0.0, raw_json={'timestamp': '12:59:00', 'price_level': 23534.0, 'movement_type': 'close'})",
    "RichNodeFeature(time_minutes=3.0, daily_phase_sin=-0.013089595571344391, daily_phase_cos=-0.999914327574007, session_position=0.05084745762711865, time_to_close=56.0, weekend_proximity=0.42857142857142855, absolute_timestamp=1753830000, day_of_week=2, month_phase=0.967741935483871, normalized_price=0.2351675, price_delta_1m=0.01757777097748692, price_delta_5m=0.007196573027261693, price_delta_15m=0.003183233148210991, volatility_window=0.0279893357521262, energy_state=0.0295, contamination_coefficient=0, fisher_regime=0, session_character=0, cross_tf_confluence=1.0, event_type_id=4, timeframe_source=0, liquidity_type=0, fpfvg_gap_size=0.0, fpfvg_interaction_count=0, first_presentation_flag=0.0, pd_array_strength=0.0, structural_importance=0.0, raw_json={'timestamp': '12:03:00', 'price': 23516.75, 'action': 'touch', 'context': 'Lunch session low created during initial consolidation'})",
