{
  "nodes": {
    "1m": [
      0,
      1,
      2,
      3,
      4,
      5,
      6,
      7,
      8,
      9,
      10
    ],
    "5m": [],
    "15m": [],
    "1h": [
      11,
      12
    ],
    "D": [],
    "W": []
  },
  "rich_node_features": [
    "RichNodeFeature(time_minutes=0.0, daily_phase_sin=0.0, daily_phase_cos=1.0, session_position=0.0, time_to_close=29.0, weekend_proximity=0.14285714285714285, absolute_timestamp=1753398000, day_of_week=4, month_phase=0.8064516129032258, normalized_price=0.234285, price_delta_1m=0.0016267471121525511, price_delta_5m=0.008467779471716301, price_delta_15m=-0.0014988790317293902, volatility_window=0.021319601079172357, energy_state=0.0145, contamination_coefficient=0, fisher_regime=0, session_character=0, cross_tf_confluence=1.0, event_type_id=0, timeframe_source=0, liquidity_type=0, fpfvg_gap_size=0.0, fpfvg_interaction_count=0, first_presentation_flag=0.0, pd_array_strength=0.0, structural_importance=0.0, raw_json={'timestamp': '00:00:00', 'price_level': 23428.5, 'movement_type': 'open'})",
    "RichNodeFeature(time_minutes=720.0, daily_phase_sin=1.2246467991473532e-16, daily_phase_cos=-1.0, session_position=24.82758620689655, time_to_close=0, weekend_proximity=0.14285714285714285, absolute_timestamp=1753398000, day_of_week=4, month_phase=0.8064516129032258, normalized_price=0.2343175, price_delta_1m=0.01501450200988335, price_delta_5m=0.004325127417053067, price_delta_15m=-0.031172436707670857, volatility_window=0.04250410644528311, energy_state=0.0145, contamination_coefficient=0, fisher_regime=0, session_character=0, cross_tf_confluence=1.0, event_type_id=1, timeframe_source=0, liquidity_type=0, fpfvg_gap_size=0.0, fpfvg_interaction_count=0, first_presentation_flag=0.0, pd_array_strength=0.0, structural_importance=0.0, raw_json={'timestamp': '12:00:00', 'price_level': 23431.75, 'movement_type': 'session_high'})",
    "RichNodeFeature(time_minutes=750.0, daily_phase_sin=-0.13052619222005132, daily_phase_cos=-0.9914448613738105, session_position=25.862068965517242, time_to_close=0, weekend_proximity=0.14285714285714285, absolute_timestamp=1753398000, day_of_week=4, month_phase=0.8064516129032258, normalized_price=0.234215, price_delta_1m=-0.01415043335574407, price_delta_5m=-0.008383183419633995, price_delta_15m=0.00422006011255048, volatility_window=0.02356544142673763, energy_state=0.0145, contamination_coefficient=0, fisher_regime=0, session_character=0, cross_tf_confluence=1.0, event_type_id=2, timeframe_source=0, liquidity_type=0, fpfvg_gap_size=0.0, fpfvg_interaction_count=0, first_presentation_flag=0.0, pd_array_strength=0.0, structural_importance=0.0, raw_json={'timestamp': '12:30:00', 'price_level': 23421.5, 'movement_type': 'session_low'})",
    "RichNodeFeature(time_minutes=29.0, daily_phase_sin=0.12619896913582976, daily_phase_cos=0.992004949679715, session_position=1.0, time_to_close=0, weekend_proximity=0.14285714285714285, absolute_timestamp=1753398000, day_of_week=4, month_phase=0.8064516129032258, normalized_price=0.234225, price_delta_1m=0.0054356635709573945, price_delta_5m=-0.014871575813769092, price_delta_15m=0.005798106266122521, volatility_window=0.033244856978724945, energy_state=0.0145, contamination_coefficient=0, fisher_regime=0, session_character=0, cross_tf_confluence=1.0, event_type_id=3, timeframe_source=0, liquidity_type=0, fpfvg_gap_size=0.0, fpfvg_interaction_count=0, first_presentation_flag=0.0, pd_array_strength=0.0, structural_importance=0.0, raw_json={'timestamp': '00:29:00', 'price_level': 23422.5, 'movement_type': 'close'})",
    "RichNodeFeature(time_minutes=0.0, daily_phase_sin=0.0, daily_phase_cos=1.0, session_position=0.0, time_to_close=29.0, weekend_proximity=0.14285714285714285, absolute_timestamp=1753398000, day_of_week=4, month_phase=0.8064516129032258, normalized_price=0.234285, price_delta_1m=-0.00860683602151986, price_delta_5m=-0.014929398736126698, price_delta_15m=0.0022341019963952576, volatility_window=0.017981254903877482, energy_state=0.0145, contamination_coefficient=0, fisher_regime=0, session_character=0, cross_tf_confluence=1.0, event_type_id=0, timeframe_source=0, liquidity_type=0, fpfvg_gap_size=0.0, fpfvg_interaction_count=0, first_presentation_flag=0.0, pd_array_strength=0.0, structural_importance=0.0, raw_json={'timestamp': '00:00:00', 'price_level': 23428.5, 'movement_type': 'open'})",
    "RichNodeFeature(time_minutes=720.0, daily_phase_sin=1.2246467991473532e-16, daily_phase_cos=-1.0, session_position=24.82758620689655, time_to_close=0, weekend_proximity=0.14285714285714285, absolute_timestamp=1753398000, day_of_week=4, month_phase=0.8064516129032258, normalized_price=0.2343175, price_delta_1m=-0.016869786346761596, price_delta_5m=0.0037283693996940015, price_delta_15m=-0.0029925868011416424, volatility_window=0.02232984298774727, energy_state=0.0145, contamination_coefficient=0, fisher_regime=0, session_character=0, cross_tf_confluence=1.0, event_type_id=1, timeframe_source=0, liquidity_type=0, fpfvg_gap_size=0.0, fpfvg_interaction_count=0, first_presentation_flag=0.0, pd_array_strength=0.0, structural_importance=0.0, raw_json={'timestamp': '12:00:00', 'price_level': 23431.75, 'movement_type': 'session_high'})",
    "RichNodeFeature(time_minutes=750.0, daily_phase_sin=-0.13052619222005132, daily_phase_cos=-0.9914448613738105, session_position=25.862068965517242, time_to_close=0, weekend_proximity=0.14285714285714285, absolute_timestamp=1753398000, day_of_week=4, month_phase=0.8064516129032258, normalized_price=0.234215, price_delta_1m=0.004010036856073063, price_delta_5m=0.010919804302214776, price_delta_15m=-0.009173381835205942, volatility_window=0.03164923388729814, energy_state=0.0145, contamination_coefficient=0, fisher_regime=0, session_character=0, cross_tf_confluence=1.0, event_type_id=2, timeframe_source=0, liquidity_type=0, fpfvg_gap_size=0.0, fpfvg_interaction_count=0, first_presentation_flag=0.0, pd_array_strength=0.0, structural_importance=0.0, raw_json={'timestamp': '12:30:00', 'price_level': 23421.5, 'movement_type': 'session_low'})",
    "RichNodeFeature(time_minutes=29.0, daily_phase_sin=0.12619896913582976, daily_phase_cos=0.992004949679715, session_position=1.0, time_to_close=0, weekend_proximity=0.14285714285714285, absolute_timestamp=1753398000, day_of_week=4, month_phase=0.8064516129032258, normalized_price=0.234225, price_delta_1m=0.028868286170342986, price_delta_5m=0.010287129778168034, price_delta_15m=0.001771507770938812, volatility_window=0.044167995252076694, energy_state=0.0145, contamination_coefficient=0, fisher_regime=0, session_character=0, cross_tf_confluence=1.0, event_type_id=3, timeframe_source=0, liquidity_type=0, fpfvg_gap_size=0.0, fpfvg_interaction_count=0, first_presentation_flag=0.0, pd_array_strength=0.0, structural_importance=0.0, raw_json={'timestamp': '00:29:00', 'price_level': 23422.5, 'movement_type': 'close'})",
    "RichNodeFeature(time_minutes=7.0, daily_phase_sin=0.03053851320982266, daily_phase_cos=0.9995335908367129, session_position=0.2413793103448276, time_to_close=22.0, weekend_proximity=0.14285714285714285, absolute_timestamp=1753398000, day_of_week=4, month_phase=0.8064516129032258, normalized_price=0.2342925, price_delta_1m=-0.0019592570050393308, price_delta_5m=-0.004756776785215287, price_delta_15m=0.005799939746122691, volatility_window=0.02663515216755364, energy_state=0.0145, contamination_coefficient=0, fisher_regime=0, session_character=0, cross_tf_confluence=1.0, event_type_id=4, timeframe_source=0, liquidity_type=0, fpfvg_gap_size=0.0, fpfvg_interaction_count=0, first_presentation_flag=0.0, pd_array_strength=0.0, structural_importance=0.0, raw_json={'timestamp': '00:07:00', 'price': 23429.25, 'action': 'touch', 'context': 'Midnight_OR_FVG_formation_premium_high'})",
