{
  "nodes": {
    "1m": [
      0,
      1,
      2,
      3,
      4,
      5,
      6,
      7,
      8,
      9
    ],
    "5m": [],
    "15m": [
      10
    ],
    "1h": [],
    "D": [],
    "W": []
  },
  "rich_node_features": [
    "RichNodeFeature(time_minutes=0.0, daily_phase_sin=0.0, daily_phase_cos=1.0, session_position=0.0, time_to_close=29.0, weekend_proximity=0.2857142857142857, absolute_timestamp=1754521200, day_of_week=3, month_phase=0.22580645161290322, normalized_price=0.2348975, price_delta_1m=0.013781755336284607, price_delta_5m=-0.006672305909814218, price_delta_15m=0.005707200918631389, volatility_window=0.03338009950307404, energy_state=0.011890000000000001, contamination_coefficient=0, fisher_regime=0, session_character=0, cross_tf_confluence=1.0, event_type_id=0, timeframe_source=0, liquidity_type=0, fpfvg_gap_size=0.0, fpfvg_interaction_count=0, first_presentation_flag=0.0, pd_array_strength=0.0, structural_importance=0.0, raw_json={'timestamp': '00:00:00', 'price_level': 23489.75, 'movement_type': 'open'})",
    "RichNodeFeature(time_minutes=0.0, daily_phase_sin=0.0, daily_phase_cos=1.0, session_position=0.0, time_to_close=29.0, weekend_proximity=0.2857142857142857, absolute_timestamp=1754521200, day_of_week=3, month_phase=0.22580645161290322, normalized_price=0.2348725, price_delta_1m=0.009127180213857583, price_delta_5m=0.005264648293476991, price_delta_15m=-0.00912878436079479, volatility_window=0.037886543649782334, energy_state=0.011890000000000001, contamination_coefficient=0, fisher_regime=0, session_character=0, cross_tf_confluence=1.0, event_type_id=83, timeframe_source=0, liquidity_type=0, fpfvg_gap_size=0.0, fpfvg_interaction_count=0, first_presentation_flag=0.0, pd_array_strength=0.0, structural_importance=0.0, raw_json={'timestamp': '00:00:00', 'price_level': 23487.25, 'movement_type': 'expansion_higher_start'})",
    "RichNodeFeature(time_minutes=6.0, daily_phase_sin=0.02617694830787315, daily_phase_cos=0.9996573249755573, session_position=0.20689655172413793, time_to_close=23.0, weekend_proximity=0.2857142857142857, absolute_timestamp=1754521200, day_of_week=3, month_phase=0.22580645161290322, normalized_price=0.2349775, price_delta_1m=-0.006892601748114644, price_delta_5m=0.0036530184727746034, price_delta_15m=0.01799260275129919, volatility_window=0.024089280480117443, energy_state=0.011890000000000001, contamination_coefficient=0, fisher_regime=0, session_character=0, cross_tf_confluence=1.0, event_type_id=30, timeframe_source=0, liquidity_type=0, fpfvg_gap_size=0.0, fpfvg_interaction_count=0, first_presentation_flag=0.0, pd_array_strength=0.0, structural_importance=0.0, raw_json={'timestamp': '00:06:00', 'price_level': 23497.75, 'movement_type': 'expansion_high'})",
    "RichNodeFeature(time_minutes=8.0, daily_phase_sin=0.03489949670250097, daily_phase_cos=0.9993908270190958, session_position=0.27586206896551724, time_to_close=21.0, weekend_proximity=0.2857142857142857, absolute_timestamp=1754521200, day_of_week=3, month_phase=0.22580645161290322, normalized_price=0.2349075, price_delta_1m=-0.021717106619325462, price_delta_5m=-0.0010047604759838252, price_delta_15m=0.0007923976582276807, volatility_window=0.024798407992452712, energy_state=0.011890000000000001, contamination_coefficient=0, fisher_regime=0, session_character=0, cross_tf_confluence=1.0, event_type_id=33, timeframe_source=0, liquidity_type=0, fpfvg_gap_size=0.0, fpfvg_interaction_count=0, first_presentation_flag=0.0, pd_array_strength=0.0, structural_importance=0.0, raw_json={'timestamp': '00:08:00', 'price_level': 23490.75, 'movement_type': 'retracement_low'})",
    "RichNodeFeature(time_minutes=12.0, daily_phase_sin=0.05233595624294383, daily_phase_cos=0.9986295347545738, session_position=0.41379310344827586, time_to_close=17.0, weekend_proximity=0.2857142857142857, absolute_timestamp=1754521200, day_of_week=3, month_phase=0.22580645161290322, normalized_price=0.2349925, price_delta_1m=0.010243766278848555, price_delta_5m=0.005264276372217189, price_delta_15m=-0.012996613526135608, volatility_window=0.047442143867757344, energy_state=0.011890000000000001, contamination_coefficient=0, fisher_regime=0, session_character=0, cross_tf_confluence=1.0, event_type_id=34, timeframe_source=0, liquidity_type=0, fpfvg_gap_size=0.0, fpfvg_interaction_count=0, first_presentation_flag=0.0, pd_array_strength=0.0, structural_importance=0.0, raw_json={'timestamp': '00:12:00', 'price_level': 23499.25, 'movement_type': 'session_high_reversal_point'})",
    "RichNodeFeature(time_minutes=16.0, daily_phase_sin=0.0697564737441253, daily_phase_cos=0.9975640502598242, session_position=0.5517241379310345, time_to_close=13.0, weekend_proximity=0.2857142857142857, absolute_timestamp=1754521200, day_of_week=3, month_phase=0.22580645161290322, normalized_price=0.2349325, price_delta_1m=0.0006457298601978393, price_delta_5m=0.025112733486260252, price_delta_15m=0.014626872479597939, volatility_window=0.019537416770958826, energy_state=0.011890000000000001, contamination_coefficient=0, fisher_regime=0, session_character=0, cross_tf_confluence=1.0, event_type_id=22, timeframe_source=0, liquidity_type=0, fpfvg_gap_size=0.0, fpfvg_interaction_count=0, first_presentation_flag=0.0, pd_array_strength=0.0, structural_importance=0.0, raw_json={'timestamp': '00:16:00', 'price_level': 23493.25, 'movement_type': 'expansion_low'})",
    "RichNodeFeature(time_minutes=18.0, daily_phase_sin=0.07845909572784494, daily_phase_cos=0.996917333733128, session_position=0.6206896551724138, time_to_close=11.0, weekend_proximity=0.2857142857142857, absolute_timestamp=1754521200, day_of_week=3, month_phase=0.22580645161290322, normalized_price=0.234975, price_delta_1m=0.001358532212060464, price_delta_5m=0.002655496879436804, price_delta_15m=0.0016312346325576524, volatility_window=0.02355597684011535, energy_state=0.011890000000000001, contamination_coefficient=0, fisher_regime=0, session_character=0, cross_tf_confluence=1.0, event_type_id=36, timeframe_source=0, liquidity_type=0, fpfvg_gap_size=0.0, fpfvg_interaction_count=0, first_presentation_flag=0.0, pd_array_strength=0.0, structural_importance=0.0, raw_json={'timestamp': '00:18:00', 'price_level': 23497.5, 'movement_type': 'retracement_high'})",
    "RichNodeFeature(time_minutes=22.0, daily_phase_sin=0.09584575252022398, daily_phase_cos=0.9953961983671789, session_position=0.7586206896551724, time_to_close=7.0, weekend_proximity=0.2857142857142857, absolute_timestamp=1754521200, day_of_week=3, month_phase=0.22580645161290322, normalized_price=0.23492, price_delta_1m=-0.007706733022652967, price_delta_5m=-0.006577240050017804, price_delta_15m=0.01259378988269647, volatility_window=0.030257832792050507, energy_state=0.011890000000000001, contamination_coefficient=0, fisher_regime=0, session_character=0, cross_tf_confluence=1.0, event_type_id=22, timeframe_source=0, liquidity_type=0, fpfvg_gap_size=0.0, fpfvg_interaction_count=0, first_presentation_flag=0.0, pd_array_strength=0.0, structural_importance=0.0, raw_json={'timestamp': '00:22:00', 'price_level': 23492.0, 'movement_type': 'expansion_low'})",
