{
  "nodes": {
    "1m": [
      0,
      1,
      2,
      3,
      4,
      5,
      6,
      7,
      8,
      9,
      10
    ],
    "5m": [],
    "15m": [],
    "1h": [
      11,
      12
    ],
    "D": [],
    "W": []
  },
  "rich_node_features": [
    "RichNodeFeature(time_minutes=0.0, daily_phase_sin=0.0, daily_phase_cos=1.0, session_position=0.0, time_to_close=29.0, weekend_proximity=0.14285714285714285, absolute_timestamp=1753398000, day_of_week=4, month_phase=0.8064516129032258, normalized_price=0.234285, price_delta_1m=-0.009488242945883324, price_delta_5m=-0.005400104314254167, price_delta_15m=-0.021278353232141074, volatility_window=0.03672509174250969, energy_state=0.0145, contamination_coefficient=0, fisher_regime=0, session_character=0, cross_tf_confluence=1.0, event_type_id=0, timeframe_source=0, liquidity_type=0, fpfvg_gap_size=0.0, fpfvg_interaction_count=0, first_presentation_flag=0.0, pd_array_strength=0.0, structural_importance=0.0, raw_json={'timestamp': '00:00:00', 'price_level': 23428.5, 'movement_type': 'open'})",
    "RichNodeFeature(time_minutes=720.0, daily_phase_sin=1.2246467991473532e-16, daily_phase_cos=-1.0, session_position=24.82758620689655, time_to_close=0, weekend_proximity=0.14285714285714285, absolute_timestamp=1753398000, day_of_week=4, month_phase=0.8064516129032258, normalized_price=0.2343175, price_delta_1m=-0.0006518007590644178, price_delta_5m=0.002771493230338788, price_delta_15m=-0.0004682159206721933, volatility_window=0.03991366992128234, energy_state=0.0145, contamination_coefficient=0, fisher_regime=0, session_character=0, cross_tf_confluence=1.0, event_type_id=1, timeframe_source=0, liquidity_type=0, fpfvg_gap_size=0.0, fpfvg_interaction_count=0, first_presentation_flag=0.0, pd_array_strength=0.0, structural_importance=0.0, raw_json={'timestamp': '12:00:00', 'price_level': 23431.75, 'movement_type': 'session_high'})",
    "RichNodeFeature(time_minutes=750.0, daily_phase_sin=-0.13052619222005132, daily_phase_cos=-0.9914448613738105, session_position=25.862068965517242, time_to_close=0, weekend_proximity=0.14285714285714285, absolute_timestamp=1753398000, day_of_week=4, month_phase=0.8064516129032258, normalized_price=0.234215, price_delta_1m=0.005935822007286741, price_delta_5m=0.01618471865529592, price_delta_15m=-0.005563348696630639, volatility_window=0.04543860361116052, energy_state=0.0145, contamination_coefficient=0, fisher_regime=0, session_character=0, cross_tf_confluence=1.0, event_type_id=2, timeframe_source=0, liquidity_type=0, fpfvg_gap_size=0.0, fpfvg_interaction_count=0, first_presentation_flag=0.0, pd_array_strength=0.0, structural_importance=0.0, raw_json={'timestamp': '12:30:00', 'price_level': 23421.5, 'movement_type': 'session_low'})",
    "RichNodeFeature(time_minutes=29.0, daily_phase_sin=0.12619896913582976, daily_phase_cos=0.992004949679715, session_position=1.0, time_to_close=0, weekend_proximity=0.14285714285714285, absolute_timestamp=1753398000, day_of_week=4, month_phase=0.8064516129032258, normalized_price=0.234225, price_delta_1m=0.024756714925955846, price_delta_5m=-0.00290176866699545, price_delta_15m=-0.015664962858251218, volatility_window=0.016502757473175596, energy_state=0.0145, contamination_coefficient=0, fisher_regime=0, session_character=0, cross_tf_confluence=1.0, event_type_id=3, timeframe_source=0, liquidity_type=0, fpfvg_gap_size=0.0, fpfvg_interaction_count=0, first_presentation_flag=0.0, pd_array_strength=0.0, structural_importance=0.0, raw_json={'timestamp': '00:29:00', 'price_level': 23422.5, 'movement_type': 'close'})",
    "RichNodeFeature(time_minutes=0.0, daily_phase_sin=0.0, daily_phase_cos=1.0, session_position=0.0, time_to_close=29.0, weekend_proximity=0.14285714285714285, absolute_timestamp=1753398000, day_of_week=4, month_phase=0.8064516129032258, normalized_price=0.234285, price_delta_1m=0.010122213530071643, price_delta_5m=-0.008930772395501387, price_delta_15m=0.018528595036237407, volatility_window=0.03511017564635286, energy_state=0.0145, contamination_coefficient=0, fisher_regime=0, session_character=0, cross_tf_confluence=1.0, event_type_id=0, timeframe_source=0, liquidity_type=0, fpfvg_gap_size=0.0, fpfvg_interaction_count=0, first_presentation_flag=0.0, pd_array_strength=0.0, structural_importance=0.0, raw_json={'timestamp': '00:00:00', 'price_level': 23428.5, 'movement_type': 'open'})",
    "RichNodeFeature(time_minutes=720.0, daily_phase_sin=1.2246467991473532e-16, daily_phase_cos=-1.0, session_position=24.82758620689655, time_to_close=0, weekend_proximity=0.14285714285714285, absolute_timestamp=1753398000, day_of_week=4, month_phase=0.8064516129032258, normalized_price=0.2343175, price_delta_1m=-0.004246269279225777, price_delta_5m=-0.0015533821691731706, price_delta_15m=0.0037383223813202294, volatility_window=0.045604367985661656, energy_state=0.0145, contamination_coefficient=0, fisher_regime=0, session_character=0, cross_tf_confluence=1.0, event_type_id=1, timeframe_source=0, liquidity_type=0, fpfvg_gap_size=0.0, fpfvg_interaction_count=0, first_presentation_flag=0.0, pd_array_strength=0.0, structural_importance=0.0, raw_json={'timestamp': '12:00:00', 'price_level': 23431.75, 'movement_type': 'session_high'})",
    "RichNodeFeature(time_minutes=750.0, daily_phase_sin=-0.13052619222005132, daily_phase_cos=-0.9914448613738105, session_position=25.862068965517242, time_to_close=0, weekend_proximity=0.14285714285714285, absolute_timestamp=1753398000, day_of_week=4, month_phase=0.8064516129032258, normalized_price=0.234215, price_delta_1m=0.029773878904666318, price_delta_5m=0.018329268465518977, price_delta_15m=0.005132571449186156, volatility_window=0.029085551021425002, energy_state=0.0145, contamination_coefficient=0, fisher_regime=0, session_character=0, cross_tf_confluence=1.0, event_type_id=2, timeframe_source=0, liquidity_type=0, fpfvg_gap_size=0.0, fpfvg_interaction_count=0, first_presentation_flag=0.0, pd_array_strength=0.0, structural_importance=0.0, raw_json={'timestamp': '12:30:00', 'price_level': 23421.5, 'movement_type': 'session_low'})",
    "RichNodeFeature(time_minutes=29.0, daily_phase_sin=0.12619896913582976, daily_phase_cos=0.992004949679715, session_position=1.0, time_to_close=0, weekend_proximity=0.14285714285714285, absolute_timestamp=1753398000, day_of_week=4, month_phase=0.8064516129032258, normalized_price=0.234225, price_delta_1m=0.009741494666400405, price_delta_5m=0.012509039384156671, price_delta_15m=-0.009916352744738911, volatility_window=0.04280072614630368, energy_state=0.0145, contamination_coefficient=0, fisher_regime=0, session_character=0, cross_tf_confluence=1.0, event_type_id=3, timeframe_source=0, liquidity_type=0, fpfvg_gap_size=0.0, fpfvg_interaction_count=0, first_presentation_flag=0.0, pd_array_strength=0.0, structural_importance=0.0, raw_json={'timestamp': '00:29:00', 'price_level': 23422.5, 'movement_type': 'close'})",
    "RichNodeFeature(time_minutes=7.0, daily_phase_sin=0.03053851320982266, daily_phase_cos=0.9995335908367129, session_position=0.2413793103448276, time_to_close=22.0, weekend_proximity=0.14285714285714285, absolute_timestamp=1753398000, day_of_week=4, month_phase=0.8064516129032258, normalized_price=0.2342925, price_delta_1m=-0.0014591789921605811, price_delta_5m=-0.009523863194179551, price_delta_15m=-0.007842954755604497, volatility_window=0.04494145829734955, energy_state=0.0145, contamination_coefficient=0, fisher_regime=0, session_character=0, cross_tf_confluence=1.0, event_type_id=4, timeframe_source=0, liquidity_type=0, fpfvg_gap_size=0.0, fpfvg_interaction_count=0, first_presentation_flag=0.0, pd_array_strength=0.0, structural_importance=0.0, raw_json={'timestamp': '00:07:00', 'price': 23429.25, 'action': 'touch', 'context': 'Midnight_OR_FVG_formation_premium_high'})",
