{
  "nodes": {
    "1m": [
      0,
      1,
      2,
      3,
      4,
      5,
      6,
      7,
      8,
      9,
      10
    ],
    "5m": [],
    "15m": [],
    "1h": [
      11,
      12
    ],
    "D": [],
    "W": []
  },
  "rich_node_features": [
    "RichNodeFeature(time_minutes=0.0, daily_phase_sin=0.0, daily_phase_cos=1.0, session_position=0.0, time_to_close=29.0, weekend_proximity=0.14285714285714285, absolute_timestamp=1753398000, day_of_week=4, month_phase=0.8064516129032258, normalized_price=0.234285, price_delta_1m=0.00013857154148559506, price_delta_5m=-0.015178705731790577, price_delta_15m=0.0034485711595016915, volatility_window=0.03885663357494121, energy_state=0.0145, contamination_coefficient=0, fisher_regime=0, session_character=0, cross_tf_confluence=1.0, event_type_id=0, timeframe_source=0, liquidity_type=0, fpfvg_gap_size=0.0, fpfvg_interaction_count=0, first_presentation_flag=0.0, pd_array_strength=0.0, structural_importance=0.0, raw_json={'timestamp': '00:00:00', 'price_level': 23428.5, 'movement_type': 'open'})",
    "RichNodeFeature(time_minutes=720.0, daily_phase_sin=1.2246467991473532e-16, daily_phase_cos=-1.0, session_position=24.82758620689655, time_to_close=0, weekend_proximity=0.14285714285714285, absolute_timestamp=1753398000, day_of_week=4, month_phase=0.8064516129032258, normalized_price=0.2343175, price_delta_1m=0.01481849691722706, price_delta_5m=0.015414945153625499, price_delta_15m=0.014719051472596388, volatility_window=0.023488802850812236, energy_state=0.0145, contamination_coefficient=0, fisher_regime=0, session_character=0, cross_tf_confluence=1.0, event_type_id=1, timeframe_source=0, liquidity_type=0, fpfvg_gap_size=0.0, fpfvg_interaction_count=0, first_presentation_flag=0.0, pd_array_strength=0.0, structural_importance=0.0, raw_json={'timestamp': '12:00:00', 'price_level': 23431.75, 'movement_type': 'session_high'})",
    "RichNodeFeature(time_minutes=750.0, daily_phase_sin=-0.13052619222005132, daily_phase_cos=-0.9914448613738105, session_position=25.862068965517242, time_to_close=0, weekend_proximity=0.14285714285714285, absolute_timestamp=1753398000, day_of_week=4, month_phase=0.8064516129032258, normalized_price=0.234215, price_delta_1m=-0.000978046005636289, price_delta_5m=-0.012731361548844116, price_delta_15m=-0.00999777623568495, volatility_window=0.04442511008282119, energy_state=0.0145, contamination_coefficient=0, fisher_regime=0, session_character=0, cross_tf_confluence=1.0, event_type_id=2, timeframe_source=0, liquidity_type=0, fpfvg_gap_size=0.0, fpfvg_interaction_count=0, first_presentation_flag=0.0, pd_array_strength=0.0, structural_importance=0.0, raw_json={'timestamp': '12:30:00', 'price_level': 23421.5, 'movement_type': 'session_low'})",
    "RichNodeFeature(time_minutes=29.0, daily_phase_sin=0.12619896913582976, daily_phase_cos=0.992004949679715, session_position=1.0, time_to_close=0, weekend_proximity=0.14285714285714285, absolute_timestamp=1753398000, day_of_week=4, month_phase=0.8064516129032258, normalized_price=0.234225, price_delta_1m=0.006687353219958809, price_delta_5m=0.012921993735270337, price_delta_15m=0.0029426787476180888, volatility_window=0.0158972787844442, energy_state=0.0145, contamination_coefficient=0, fisher_regime=0, session_character=0, cross_tf_confluence=1.0, event_type_id=3, timeframe_source=0, liquidity_type=0, fpfvg_gap_size=0.0, fpfvg_interaction_count=0, first_presentation_flag=0.0, pd_array_strength=0.0, structural_importance=0.0, raw_json={'timestamp': '00:29:00', 'price_level': 23422.5, 'movement_type': 'close'})",
    "RichNodeFeature(time_minutes=0.0, daily_phase_sin=0.0, daily_phase_cos=1.0, session_position=0.0, time_to_close=29.0, weekend_proximity=0.14285714285714285, absolute_timestamp=1753398000, day_of_week=4, month_phase=0.8064516129032258, normalized_price=0.234285, price_delta_1m=0.000825604848337949, price_delta_5m=-0.00552596518545148, price_delta_15m=-0.0022615341629123892, volatility_window=0.04418451042551385, energy_state=0.0145, contamination_coefficient=0, fisher_regime=0, session_character=0, cross_tf_confluence=1.0, event_type_id=0, timeframe_source=0, liquidity_type=0, fpfvg_gap_size=0.0, fpfvg_interaction_count=0, first_presentation_flag=0.0, pd_array_strength=0.0, structural_importance=0.0, raw_json={'timestamp': '00:00:00', 'price_level': 23428.5, 'movement_type': 'open'})",
    "RichNodeFeature(time_minutes=720.0, daily_phase_sin=1.2246467991473532e-16, daily_phase_cos=-1.0, session_position=24.82758620689655, time_to_close=0, weekend_proximity=0.14285714285714285, absolute_timestamp=1753398000, day_of_week=4, month_phase=0.8064516129032258, normalized_price=0.2343175, price_delta_1m=-0.011548162390906376, price_delta_5m=-0.013660340090330141, price_delta_15m=0.014906710332367496, volatility_window=0.04262760440311895, energy_state=0.0145, contamination_coefficient=0, fisher_regime=0, session_character=0, cross_tf_confluence=1.0, event_type_id=1, timeframe_source=0, liquidity_type=0, fpfvg_gap_size=0.0, fpfvg_interaction_count=0, first_presentation_flag=0.0, pd_array_strength=0.0, structural_importance=0.0, raw_json={'timestamp': '12:00:00', 'price_level': 23431.75, 'movement_type': 'session_high'})",
    "RichNodeFeature(time_minutes=750.0, daily_phase_sin=-0.13052619222005132, daily_phase_cos=-0.9914448613738105, session_position=25.862068965517242, time_to_close=0, weekend_proximity=0.14285714285714285, absolute_timestamp=1753398000, day_of_week=4, month_phase=0.8064516129032258, normalized_price=0.234215, price_delta_1m=0.011535099256344517, price_delta_5m=0.0056882257103040455, price_delta_15m=-0.008930994380536135, volatility_window=0.011850070930419286, energy_state=0.0145, contamination_coefficient=0, fisher_regime=0, session_character=0, cross_tf_confluence=1.0, event_type_id=2, timeframe_source=0, liquidity_type=0, fpfvg_gap_size=0.0, fpfvg_interaction_count=0, first_presentation_flag=0.0, pd_array_strength=0.0, structural_importance=0.0, raw_json={'timestamp': '12:30:00', 'price_level': 23421.5, 'movement_type': 'session_low'})",
    "RichNodeFeature(time_minutes=29.0, daily_phase_sin=0.12619896913582976, daily_phase_cos=0.992004949679715, session_position=1.0, time_to_close=0, weekend_proximity=0.14285714285714285, absolute_timestamp=1753398000, day_of_week=4, month_phase=0.8064516129032258, normalized_price=0.234225, price_delta_1m=0.0013047261728312879, price_delta_5m=0.011658246802419128, price_delta_15m=0.013850845905492815, volatility_window=0.03306315372972099, energy_state=0.0145, contamination_coefficient=0, fisher_regime=0, session_character=0, cross_tf_confluence=1.0, event_type_id=3, timeframe_source=0, liquidity_type=0, fpfvg_gap_size=0.0, fpfvg_interaction_count=0, first_presentation_flag=0.0, pd_array_strength=0.0, structural_importance=0.0, raw_json={'timestamp': '00:29:00', 'price_level': 23422.5, 'movement_type': 'close'})",
    "RichNodeFeature(time_minutes=7.0, daily_phase_sin=0.03053851320982266, daily_phase_cos=0.9995335908367129, session_position=0.2413793103448276, time_to_close=22.0, weekend_proximity=0.14285714285714285, absolute_timestamp=1753398000, day_of_week=4, month_phase=0.8064516129032258, normalized_price=0.2342925, price_delta_1m=-0.020599304043471257, price_delta_5m=0.0011618904533129595, price_delta_15m=0.02101979382030897, volatility_window=0.031810190671570836, energy_state=0.0145, contamination_coefficient=0, fisher_regime=0, session_character=0, cross_tf_confluence=1.0, event_type_id=4, timeframe_source=0, liquidity_type=0, fpfvg_gap_size=0.0, fpfvg_interaction_count=0, first_presentation_flag=0.0, pd_array_strength=0.0, structural_importance=0.0, raw_json={'timestamp': '00:07:00', 'price': 23429.25, 'action': 'touch', 'context': 'Midnight_OR_FVG_formation_premium_high'})",
