{
  "nodes": {
    "1m": [
      0,
      1,
      2,
      3,
      4,
      5,
      6,
      7,
      8,
      9,
      10
    ],
    "5m": [],
    "15m": [],
    "1h": [
      11,
      12
    ],
    "D": [],
    "W": []
  },
  "rich_node_features": [
    "RichNodeFeature(time_minutes=0.0, daily_phase_sin=0.0, daily_phase_cos=1.0, session_position=0.0, time_to_close=29.0, weekend_proximity=0.14285714285714285, absolute_timestamp=1753398000, day_of_week=4, month_phase=0.8064516129032258, normalized_price=0.234285, price_delta_1m=-0.004146434701745342, price_delta_5m=-0.003318734067662776, price_delta_15m=0.00453322370939538, volatility_window=0.030421769370156754, energy_state=0.0145, contamination_coefficient=0, fisher_regime=0, session_character=0, cross_tf_confluence=1.0, event_type_id=0, timeframe_source=0, liquidity_type=0, fpfvg_gap_size=0.0, fpfvg_interaction_count=0, first_presentation_flag=0.0, pd_array_strength=0.0, structural_importance=0.0, raw_json={'timestamp': '00:00:00', 'price_level': 23428.5, 'movement_type': 'open'})",
    "RichNodeFeature(time_minutes=720.0, daily_phase_sin=1.2246467991473532e-16, daily_phase_cos=-1.0, session_position=24.82758620689655, time_to_close=0, weekend_proximity=0.14285714285714285, absolute_timestamp=1753398000, day_of_week=4, month_phase=0.8064516129032258, normalized_price=0.2343175, price_delta_1m=-0.0066002101593240405, price_delta_5m=-0.00014750108574048987, price_delta_15m=0.006927077285933537, volatility_window=0.027378400128053308, energy_state=0.0145, contamination_coefficient=0, fisher_regime=0, session_character=0, cross_tf_confluence=1.0, event_type_id=1, timeframe_source=0, liquidity_type=0, fpfvg_gap_size=0.0, fpfvg_interaction_count=0, first_presentation_flag=0.0, pd_array_strength=0.0, structural_importance=0.0, raw_json={'timestamp': '12:00:00', 'price_level': 23431.75, 'movement_type': 'session_high'})",
    "RichNodeFeature(time_minutes=750.0, daily_phase_sin=-0.13052619222005132, daily_phase_cos=-0.9914448613738105, session_position=25.862068965517242, time_to_close=0, weekend_proximity=0.14285714285714285, absolute_timestamp=1753398000, day_of_week=4, month_phase=0.8064516129032258, normalized_price=0.234215, price_delta_1m=-0.019092680648270327, price_delta_5m=0.013982081497657155, price_delta_15m=-0.008102857737708496, volatility_window=0.029317072650107592, energy_state=0.0145, contamination_coefficient=0, fisher_regime=0, session_character=0, cross_tf_confluence=1.0, event_type_id=2, timeframe_source=0, liquidity_type=0, fpfvg_gap_size=0.0, fpfvg_interaction_count=0, first_presentation_flag=0.0, pd_array_strength=0.0, structural_importance=0.0, raw_json={'timestamp': '12:30:00', 'price_level': 23421.5, 'movement_type': 'session_low'})",
    "RichNodeFeature(time_minutes=29.0, daily_phase_sin=0.12619896913582976, daily_phase_cos=0.992004949679715, session_position=1.0, time_to_close=0, weekend_proximity=0.14285714285714285, absolute_timestamp=1753398000, day_of_week=4, month_phase=0.8064516129032258, normalized_price=0.234225, price_delta_1m=0.012390425549395049, price_delta_5m=0.006746267373271608, price_delta_15m=0.009701953905672148, volatility_window=0.018168168337318318, energy_state=0.0145, contamination_coefficient=0, fisher_regime=0, session_character=0, cross_tf_confluence=1.0, event_type_id=3, timeframe_source=0, liquidity_type=0, fpfvg_gap_size=0.0, fpfvg_interaction_count=0, first_presentation_flag=0.0, pd_array_strength=0.0, structural_importance=0.0, raw_json={'timestamp': '00:29:00', 'price_level': 23422.5, 'movement_type': 'close'})",
    "RichNodeFeature(time_minutes=0.0, daily_phase_sin=0.0, daily_phase_cos=1.0, session_position=0.0, time_to_close=29.0, weekend_proximity=0.14285714285714285, absolute_timestamp=1753398000, day_of_week=4, month_phase=0.8064516129032258, normalized_price=0.234285, price_delta_1m=0.014276880250396676, price_delta_5m=-0.00842924776568567, price_delta_15m=-0.009966745686331678, volatility_window=0.03646594048170458, energy_state=0.0145, contamination_coefficient=0, fisher_regime=0, session_character=0, cross_tf_confluence=1.0, event_type_id=0, timeframe_source=0, liquidity_type=0, fpfvg_gap_size=0.0, fpfvg_interaction_count=0, first_presentation_flag=0.0, pd_array_strength=0.0, structural_importance=0.0, raw_json={'timestamp': '00:00:00', 'price_level': 23428.5, 'movement_type': 'open'})",
    "RichNodeFeature(time_minutes=720.0, daily_phase_sin=1.2246467991473532e-16, daily_phase_cos=-1.0, session_position=24.82758620689655, time_to_close=0, weekend_proximity=0.14285714285714285, absolute_timestamp=1753398000, day_of_week=4, month_phase=0.8064516129032258, normalized_price=0.2343175, price_delta_1m=0.00741223239319172, price_delta_5m=-0.006772136203442097, price_delta_15m=0.01844244348266313, volatility_window=0.03690879795870031, energy_state=0.0145, contamination_coefficient=0, fisher_regime=0, session_character=0, cross_tf_confluence=1.0, event_type_id=1, timeframe_source=0, liquidity_type=0, fpfvg_gap_size=0.0, fpfvg_interaction_count=0, first_presentation_flag=0.0, pd_array_strength=0.0, structural_importance=0.0, raw_json={'timestamp': '12:00:00', 'price_level': 23431.75, 'movement_type': 'session_high'})",
    "RichNodeFeature(time_minutes=750.0, daily_phase_sin=-0.13052619222005132, daily_phase_cos=-0.9914448613738105, session_position=25.862068965517242, time_to_close=0, weekend_proximity=0.14285714285714285, absolute_timestamp=1753398000, day_of_week=4, month_phase=0.8064516129032258, normalized_price=0.234215, price_delta_1m=0.0161753870354937, price_delta_5m=-0.010645475218241537, price_delta_15m=0.004503384058287083, volatility_window=0.03278578801241189, energy_state=0.0145, contamination_coefficient=0, fisher_regime=0, session_character=0, cross_tf_confluence=1.0, event_type_id=2, timeframe_source=0, liquidity_type=0, fpfvg_gap_size=0.0, fpfvg_interaction_count=0, first_presentation_flag=0.0, pd_array_strength=0.0, structural_importance=0.0, raw_json={'timestamp': '12:30:00', 'price_level': 23421.5, 'movement_type': 'session_low'})",
    "RichNodeFeature(time_minutes=29.0, daily_phase_sin=0.12619896913582976, daily_phase_cos=0.992004949679715, session_position=1.0, time_to_close=0, weekend_proximity=0.14285714285714285, absolute_timestamp=1753398000, day_of_week=4, month_phase=0.8064516129032258, normalized_price=0.234225, price_delta_1m=0.004343317249216935, price_delta_5m=-0.001900617101593894, price_delta_15m=-0.009239818019252822, volatility_window=0.018471373594131344, energy_state=0.0145, contamination_coefficient=0, fisher_regime=0, session_character=0, cross_tf_confluence=1.0, event_type_id=3, timeframe_source=0, liquidity_type=0, fpfvg_gap_size=0.0, fpfvg_interaction_count=0, first_presentation_flag=0.0, pd_array_strength=0.0, structural_importance=0.0, raw_json={'timestamp': '00:29:00', 'price_level': 23422.5, 'movement_type': 'close'})",
    "RichNodeFeature(time_minutes=7.0, daily_phase_sin=0.03053851320982266, daily_phase_cos=0.9995335908367129, session_position=0.2413793103448276, time_to_close=22.0, weekend_proximity=0.14285714285714285, absolute_timestamp=1753398000, day_of_week=4, month_phase=0.8064516129032258, normalized_price=0.2342925, price_delta_1m=-0.0019349478553827332, price_delta_5m=-0.0018960130933631733, price_delta_15m=-0.0073285836203850156, volatility_window=0.044603232929637505, energy_state=0.0145, contamination_coefficient=0, fisher_regime=0, session_character=0, cross_tf_confluence=1.0, event_type_id=4, timeframe_source=0, liquidity_type=0, fpfvg_gap_size=0.0, fpfvg_interaction_count=0, first_presentation_flag=0.0, pd_array_strength=0.0, structural_importance=0.0, raw_json={'timestamp': '00:07:00', 'price': 23429.25, 'action': 'touch', 'context': 'Midnight_OR_FVG_formation_premium_high'})",
