{
  "nodes": {
    "1m": [
      0,
      1,
      2,
      3,
      4,
      5,
      6,
      7,
      8,
      9,
      10,
      11,
      12,
      13,
      14,
      15,
      16,
      17,
      18
    ],
    "5m": [],
    "15m": [],
    "1h": [
      19
    ],
    "D": [],
    "W": []
  },
  "rich_node_features": [
    "RichNodeFeature(time_minutes=0.0, daily_phase_sin=0.6087614290087204, daily_phase_cos=-0.7933533402912353, session_position=0.0, time_to_close=149.0, weekend_proximity=0.2857142857142857, absolute_timestamp=1753657200, day_of_week=0, month_phase=0.9032258064516129, normalized_price=0.2347275, price_delta_1m=0.002738105843213739, price_delta_5m=-0.003975340627568301, price_delta_15m=-0.002247143995815793, volatility_window=0.04155255683489615, energy_state=0.0745, contamination_coefficient=0, fisher_regime=0, session_character=0, cross_tf_confluence=1.0, event_type_id=0, timeframe_source=0, liquidity_type=0, fpfvg_gap_size=0.0, fpfvg_interaction_count=0, first_presentation_flag=0.0, pd_array_strength=0.0, structural_importance=0.0, raw_json={'timestamp': '09:30:00', 'price_level': 23472.75, 'movement_type': 'open'})",
    "RichNodeFeature(time_minutes=150.0, daily_phase_sin=1.2246467991473532e-16, daily_phase_cos=-1.0, session_position=1.0067114093959733, time_to_close=0, weekend_proximity=0.2857142857142857, absolute_timestamp=1753657200, day_of_week=0, month_phase=0.9032258064516129, normalized_price=0.23529, price_delta_1m=0.0034034459763241536, price_delta_5m=-0.007361231441299479, price_delta_15m=0.013570468321222131, volatility_window=0.022889027615432884, energy_state=0.0745, contamination_coefficient=0, fisher_regime=0, session_character=0, cross_tf_confluence=1.0, event_type_id=1, timeframe_source=0, liquidity_type=0, fpfvg_gap_size=0.0, fpfvg_interaction_count=0, first_presentation_flag=0.0, pd_array_strength=0.0, structural_importance=0.0, raw_json={'timestamp': '12:00:00', 'price_level': 23529.0, 'movement_type': 'session_high'})",
    "RichNodeFeature(time_minutes=180.0, daily_phase_sin=-0.13052619222005132, daily_phase_cos=-0.9914448613738105, session_position=1.2080536912751678, time_to_close=0, weekend_proximity=0.2857142857142857, absolute_timestamp=1753657200, day_of_week=0, month_phase=0.9032258064516129, normalized_price=0.2343675, price_delta_1m=0.00986927438278203, price_delta_5m=-0.009721946446937775, price_delta_15m=0.003887076054328101, volatility_window=0.029594010217090724, energy_state=0.0745, contamination_coefficient=0, fisher_regime=0, session_character=0, cross_tf_confluence=1.0, event_type_id=2, timeframe_source=0, liquidity_type=0, fpfvg_gap_size=0.0, fpfvg_interaction_count=0, first_presentation_flag=0.0, pd_array_strength=0.0, structural_importance=0.0, raw_json={'timestamp': '12:30:00', 'price_level': 23436.75, 'movement_type': 'session_low'})",
    "RichNodeFeature(time_minutes=149.0, daily_phase_sin=0.004363309284746422, daily_phase_cos=-0.9999904807207345, session_position=1.0, time_to_close=0, weekend_proximity=0.2857142857142857, absolute_timestamp=1753657200, day_of_week=0, month_phase=0.9032258064516129, normalized_price=0.234935, price_delta_1m=0.0022763631800544414, price_delta_5m=0.01622232335812806, price_delta_15m=0.0016459937348839743, volatility_window=0.027931136131534126, energy_state=0.0745, contamination_coefficient=0, fisher_regime=0, session_character=0, cross_tf_confluence=1.0, event_type_id=3, timeframe_source=0, liquidity_type=0, fpfvg_gap_size=0.0, fpfvg_interaction_count=0, first_presentation_flag=0.0, pd_array_strength=0.0, structural_importance=0.0, raw_json={'timestamp': '11:59:00', 'price_level': 23493.5, 'movement_type': 'close'})",
    "RichNodeFeature(time_minutes=0.0, daily_phase_sin=0.6087614290087204, daily_phase_cos=-0.7933533402912353, session_position=0.0, time_to_close=149.0, weekend_proximity=0.2857142857142857, absolute_timestamp=1753657200, day_of_week=0, month_phase=0.9032258064516129, normalized_price=0.2347275, price_delta_1m=0.007931509236544305, price_delta_5m=0.01281654572236336, price_delta_15m=0.0014958818157316445, volatility_window=0.042015568880730894, energy_state=0.0745, contamination_coefficient=0, fisher_regime=0, session_character=0, cross_tf_confluence=1.0, event_type_id=0, timeframe_source=0, liquidity_type=0, fpfvg_gap_size=0.0, fpfvg_interaction_count=0, first_presentation_flag=0.0, pd_array_strength=0.0, structural_importance=0.0, raw_json={'timestamp': '09:30:00', 'price_level': 23472.75, 'movement_type': 'open'})",
    "RichNodeFeature(time_minutes=150.0, daily_phase_sin=1.2246467991473532e-16, daily_phase_cos=-1.0, session_position=1.0067114093959733, time_to_close=0, weekend_proximity=0.2857142857142857, absolute_timestamp=1753657200, day_of_week=0, month_phase=0.9032258064516129, normalized_price=0.23529, price_delta_1m=-0.004929261496228746, price_delta_5m=0.00762955828167547, price_delta_15m=-0.004485706759823774, volatility_window=0.04715767503004161, energy_state=0.0745, contamination_coefficient=0, fisher_regime=0, session_character=0, cross_tf_confluence=1.0, event_type_id=1, timeframe_source=0, liquidity_type=0, fpfvg_gap_size=0.0, fpfvg_interaction_count=0, first_presentation_flag=0.0, pd_array_strength=0.0, structural_importance=0.0, raw_json={'timestamp': '12:00:00', 'price_level': 23529.0, 'movement_type': 'session_high'})",
    "RichNodeFeature(time_minutes=180.0, daily_phase_sin=-0.13052619222005132, daily_phase_cos=-0.9914448613738105, session_position=1.2080536912751678, time_to_close=0, weekend_proximity=0.2857142857142857, absolute_timestamp=1753657200, day_of_week=0, month_phase=0.9032258064516129, normalized_price=0.2343675, price_delta_1m=0.005649379321555907, price_delta_5m=0.020129967776646468, price_delta_15m=0.003927898209879624, volatility_window=0.01625276183427385, energy_state=0.0745, contamination_coefficient=0, fisher_regime=0, session_character=0, cross_tf_confluence=1.0, event_type_id=2, timeframe_source=0, liquidity_type=0, fpfvg_gap_size=0.0, fpfvg_interaction_count=0, first_presentation_flag=0.0, pd_array_strength=0.0, structural_importance=0.0, raw_json={'timestamp': '12:30:00', 'price_level': 23436.75, 'movement_type': 'session_low'})",
    "RichNodeFeature(time_minutes=149.0, daily_phase_sin=0.004363309284746422, daily_phase_cos=-0.9999904807207345, session_position=1.0, time_to_close=0, weekend_proximity=0.2857142857142857, absolute_timestamp=1753657200, day_of_week=0, month_phase=0.9032258064516129, normalized_price=0.234935, price_delta_1m=-0.0019000144103493422, price_delta_5m=-0.00166229706339213, price_delta_15m=0.009490022797990022, volatility_window=0.021798285638441297, energy_state=0.0745, contamination_coefficient=0, fisher_regime=0, session_character=0, cross_tf_confluence=1.0, event_type_id=3, timeframe_source=0, liquidity_type=0, fpfvg_gap_size=0.0, fpfvg_interaction_count=0, first_presentation_flag=0.0, pd_array_strength=0.0, structural_importance=0.0, raw_json={'timestamp': '11:59:00', 'price_level': 23493.5, 'movement_type': 'close'})",
    "RichNodeFeature(time_minutes=0.0, daily_phase_sin=0.6087614290087204, daily_phase_cos=-0.7933533402912353, session_position=0.0, time_to_close=149.0, weekend_proximity=0.2857142857142857, absolute_timestamp=1753657200, day_of_week=0, month_phase=0.9032258064516129, normalized_price=0.2346475, price_delta_1m=-0.0122458571524516, price_delta_5m=-0.013827346422316342, price_delta_15m=-0.00360637728820577, volatility_window=0.04958716769944243, energy_state=0.0745, contamination_coefficient=0, fisher_regime=0, session_character=0, cross_tf_confluence=1.0, event_type_id=4, timeframe_source=0, liquidity_type=0, fpfvg_gap_size=0.0, fpfvg_interaction_count=0, first_presentation_flag=0.0, pd_array_strength=0.0, structural_importance=0.0, raw_json={'timestamp': '09:30:00', 'price': 23464.75, 'action': 'sweep', 'context': 'Took pre-market low immediately at open, then expanded higher'})",
