{
  "nodes": {
    "1m": [
      0,
      1,
      2,
      3,
      4,
      5,
      6,
      7,
      8,
      9,
      10,
      11,
      12,
      13,
      14,
      15,
      16,
      17,
      18
    ],
    "5m": [],
    "15m": [],
    "1h": [
      19
    ],
    "D": [],
    "W": []
  },
  "rich_node_features": [
    "RichNodeFeature(time_minutes=0.0, daily_phase_sin=0.6087614290087204, daily_phase_cos=-0.7933533402912353, session_position=0.0, time_to_close=149.0, weekend_proximity=0.2857142857142857, absolute_timestamp=1753657200, day_of_week=0, month_phase=0.9032258064516129, normalized_price=0.2347275, price_delta_1m=-0.00048676982468751946, price_delta_5m=0.015463414462710925, price_delta_15m=0.002746007205064281, volatility_window=0.04468453198465334, energy_state=0.0745, contamination_coefficient=0, fisher_regime=0, session_character=0, cross_tf_confluence=1.0, event_type_id=0, timeframe_source=0, liquidity_type=0, fpfvg_gap_size=0.0, fpfvg_interaction_count=0, first_presentation_flag=0.0, pd_array_strength=0.0, structural_importance=0.0, raw_json={'timestamp': '09:30:00', 'price_level': 23472.75, 'movement_type': 'open'})",
    "RichNodeFeature(time_minutes=150.0, daily_phase_sin=1.2246467991473532e-16, daily_phase_cos=-1.0, session_position=1.0067114093959733, time_to_close=0, weekend_proximity=0.2857142857142857, absolute_timestamp=1753657200, day_of_week=0, month_phase=0.9032258064516129, normalized_price=0.23529, price_delta_1m=0.001278712749073349, price_delta_5m=-0.02312327967794322, price_delta_15m=-0.008293997722267517, volatility_window=0.017503990941943146, energy_state=0.0745, contamination_coefficient=0, fisher_regime=0, session_character=0, cross_tf_confluence=1.0, event_type_id=1, timeframe_source=0, liquidity_type=0, fpfvg_gap_size=0.0, fpfvg_interaction_count=0, first_presentation_flag=0.0, pd_array_strength=0.0, structural_importance=0.0, raw_json={'timestamp': '12:00:00', 'price_level': 23529.0, 'movement_type': 'session_high'})",
    "RichNodeFeature(time_minutes=180.0, daily_phase_sin=-0.13052619222005132, daily_phase_cos=-0.9914448613738105, session_position=1.2080536912751678, time_to_close=0, weekend_proximity=0.2857142857142857, absolute_timestamp=1753657200, day_of_week=0, month_phase=0.9032258064516129, normalized_price=0.2343675, price_delta_1m=0.001548710476756413, price_delta_5m=-0.0052933270998058645, price_delta_15m=0.00455062163406033, volatility_window=0.03711592928999655, energy_state=0.0745, contamination_coefficient=0, fisher_regime=0, session_character=0, cross_tf_confluence=1.0, event_type_id=2, timeframe_source=0, liquidity_type=0, fpfvg_gap_size=0.0, fpfvg_interaction_count=0, first_presentation_flag=0.0, pd_array_strength=0.0, structural_importance=0.0, raw_json={'timestamp': '12:30:00', 'price_level': 23436.75, 'movement_type': 'session_low'})",
    "RichNodeFeature(time_minutes=149.0, daily_phase_sin=0.004363309284746422, daily_phase_cos=-0.9999904807207345, session_position=1.0, time_to_close=0, weekend_proximity=0.2857142857142857, absolute_timestamp=1753657200, day_of_week=0, month_phase=0.9032258064516129, normalized_price=0.234935, price_delta_1m=-0.004729057761713373, price_delta_5m=0.004019254946525577, price_delta_15m=0.008668084991589848, volatility_window=0.02166602245553114, energy_state=0.0745, contamination_coefficient=0, fisher_regime=0, session_character=0, cross_tf_confluence=1.0, event_type_id=3, timeframe_source=0, liquidity_type=0, fpfvg_gap_size=0.0, fpfvg_interaction_count=0, first_presentation_flag=0.0, pd_array_strength=0.0, structural_importance=0.0, raw_json={'timestamp': '11:59:00', 'price_level': 23493.5, 'movement_type': 'close'})",
    "RichNodeFeature(time_minutes=0.0, daily_phase_sin=0.6087614290087204, daily_phase_cos=-0.7933533402912353, session_position=0.0, time_to_close=149.0, weekend_proximity=0.2857142857142857, absolute_timestamp=1753657200, day_of_week=0, month_phase=0.9032258064516129, normalized_price=0.2347275, price_delta_1m=-0.007852525332101578, price_delta_5m=-0.016482300920114705, price_delta_15m=0.010316930961847832, volatility_window=0.03564881224935461, energy_state=0.0745, contamination_coefficient=0, fisher_regime=0, session_character=0, cross_tf_confluence=1.0, event_type_id=0, timeframe_source=0, liquidity_type=0, fpfvg_gap_size=0.0, fpfvg_interaction_count=0, first_presentation_flag=0.0, pd_array_strength=0.0, structural_importance=0.0, raw_json={'timestamp': '09:30:00', 'price_level': 23472.75, 'movement_type': 'open'})",
    "RichNodeFeature(time_minutes=150.0, daily_phase_sin=1.2246467991473532e-16, daily_phase_cos=-1.0, session_position=1.0067114093959733, time_to_close=0, weekend_proximity=0.2857142857142857, absolute_timestamp=1753657200, day_of_week=0, month_phase=0.9032258064516129, normalized_price=0.23529, price_delta_1m=0.014009110200710174, price_delta_5m=-0.008847686982749086, price_delta_15m=0.0038339559518989455, volatility_window=0.030819473413335234, energy_state=0.0745, contamination_coefficient=0, fisher_regime=0, session_character=0, cross_tf_confluence=1.0, event_type_id=1, timeframe_source=0, liquidity_type=0, fpfvg_gap_size=0.0, fpfvg_interaction_count=0, first_presentation_flag=0.0, pd_array_strength=0.0, structural_importance=0.0, raw_json={'timestamp': '12:00:00', 'price_level': 23529.0, 'movement_type': 'session_high'})",
    "RichNodeFeature(time_minutes=180.0, daily_phase_sin=-0.13052619222005132, daily_phase_cos=-0.9914448613738105, session_position=1.2080536912751678, time_to_close=0, weekend_proximity=0.2857142857142857, absolute_timestamp=1753657200, day_of_week=0, month_phase=0.9032258064516129, normalized_price=0.2343675, price_delta_1m=0.011187506460518649, price_delta_5m=0.013013091691191738, price_delta_15m=-0.012442050406920367, volatility_window=0.014801636452366358, energy_state=0.0745, contamination_coefficient=0, fisher_regime=0, session_character=0, cross_tf_confluence=1.0, event_type_id=2, timeframe_source=0, liquidity_type=0, fpfvg_gap_size=0.0, fpfvg_interaction_count=0, first_presentation_flag=0.0, pd_array_strength=0.0, structural_importance=0.0, raw_json={'timestamp': '12:30:00', 'price_level': 23436.75, 'movement_type': 'session_low'})",
    "RichNodeFeature(time_minutes=149.0, daily_phase_sin=0.004363309284746422, daily_phase_cos=-0.9999904807207345, session_position=1.0, time_to_close=0, weekend_proximity=0.2857142857142857, absolute_timestamp=1753657200, day_of_week=0, month_phase=0.9032258064516129, normalized_price=0.234935, price_delta_1m=0.01679302858764026, price_delta_5m=-0.0034266867921314147, price_delta_15m=-0.008269797928400687, volatility_window=0.027964075559276463, energy_state=0.0745, contamination_coefficient=0, fisher_regime=0, session_character=0, cross_tf_confluence=1.0, event_type_id=3, timeframe_source=0, liquidity_type=0, fpfvg_gap_size=0.0, fpfvg_interaction_count=0, first_presentation_flag=0.0, pd_array_strength=0.0, structural_importance=0.0, raw_json={'timestamp': '11:59:00', 'price_level': 23493.5, 'movement_type': 'close'})",
    "RichNodeFeature(time_minutes=0.0, daily_phase_sin=0.6087614290087204, daily_phase_cos=-0.7933533402912353, session_position=0.0, time_to_close=149.0, weekend_proximity=0.2857142857142857, absolute_timestamp=1753657200, day_of_week=0, month_phase=0.9032258064516129, normalized_price=0.2346475, price_delta_1m=0.007251768903566569, price_delta_5m=-0.018656444960925375, price_delta_15m=0.00222614648948417, volatility_window=0.041690766720833876, energy_state=0.0745, contamination_coefficient=0, fisher_regime=0, session_character=0, cross_tf_confluence=1.0, event_type_id=4, timeframe_source=0, liquidity_type=0, fpfvg_gap_size=0.0, fpfvg_interaction_count=0, first_presentation_flag=0.0, pd_array_strength=0.0, structural_importance=0.0, raw_json={'timestamp': '09:30:00', 'price': 23464.75, 'action': 'sweep', 'context': 'Took pre-market low immediately at open, then expanded higher'})",
