{
  "nodes": {
    "1m": [
      0,
      1,
      2,
      3,
      4,
      5,
      6,
      7,
      8,
      9,
      10,
      11,
      12,
      13,
      14,
      15
    ],
    "5m": [],
    "15m": [],
    "1h": [
      16,
      17
    ],
    "D": [],
    "W": []
  },
  "rich_node_features": [
    "RichNodeFeature(time_minutes=0.0, daily_phase_sin=-0.3826834323650892, daily_phase_cos=-0.923879532511287, session_position=0.0, time_to_close=159.0, weekend_proximity=0.2857142857142857, absolute_timestamp=1753657200, day_of_week=0, month_phase=0.9032258064516129, normalized_price=0.23465, price_delta_1m=-0.01106419188435132, price_delta_5m=-0.004024943024097745, price_delta_15m=0.01240720906243419, volatility_window=0.04448696660184336, energy_state=0.0795, contamination_coefficient=0, fisher_regime=0, session_character=0, cross_tf_confluence=1.0, event_type_id=0, timeframe_source=0, liquidity_type=0, fpfvg_gap_size=0.0, fpfvg_interaction_count=0, first_presentation_flag=0.0, pd_array_strength=0.0, structural_importance=0.0, raw_json={'timestamp': '13:30:00', 'price_level': 23465.0, 'movement_type': 'open'})",
    "RichNodeFeature(time_minutes=-90.0, daily_phase_sin=1.2246467991473532e-16, daily_phase_cos=-1.0, session_position=-0.5660377358490566, time_to_close=249.0, weekend_proximity=0.2857142857142857, absolute_timestamp=1753657200, day_of_week=0, month_phase=0.9032258064516129, normalized_price=0.23504, price_delta_1m=-0.01277983016794879, price_delta_5m=0.01053578365904028, price_delta_15m=0.008576051329301478, volatility_window=0.04357879012239754, energy_state=0.0795, contamination_coefficient=0, fisher_regime=0, session_character=0, cross_tf_confluence=1.0, event_type_id=1, timeframe_source=0, liquidity_type=0, fpfvg_gap_size=0.0, fpfvg_interaction_count=0, first_presentation_flag=0.0, pd_array_strength=0.0, structural_importance=0.0, raw_json={'timestamp': '12:00:00', 'price_level': 23504.0, 'movement_type': 'session_high'})",
    "RichNodeFeature(time_minutes=-60.0, daily_phase_sin=-0.13052619222005132, daily_phase_cos=-0.9914448613738105, session_position=-0.37735849056603776, time_to_close=219.0, weekend_proximity=0.2857142857142857, absolute_timestamp=1753657200, day_of_week=0, month_phase=0.9032258064516129, normalized_price=0.2344, price_delta_1m=-0.021449571671154882, price_delta_5m=0.0014259526901360608, price_delta_15m=0.01474394734525178, volatility_window=0.03821796084902767, energy_state=0.0795, contamination_coefficient=0, fisher_regime=0, session_character=0, cross_tf_confluence=1.0, event_type_id=2, timeframe_source=0, liquidity_type=0, fpfvg_gap_size=0.0, fpfvg_interaction_count=0, first_presentation_flag=0.0, pd_array_strength=0.0, structural_importance=0.0, raw_json={'timestamp': '12:30:00', 'price_level': 23440.0, 'movement_type': 'session_low'})",
    "RichNodeFeature(time_minutes=159.0, daily_phase_sin=-0.8849876374630418, daily_phase_cos=-0.4656145203251116, session_position=1.0, time_to_close=0, weekend_proximity=0.2857142857142857, absolute_timestamp=1753657200, day_of_week=0, month_phase=0.9032258064516129, normalized_price=0.234965, price_delta_1m=0.01325889337220994, price_delta_5m=0.0037231557835307075, price_delta_15m=-0.010409286057359147, volatility_window=0.026864367194355122, energy_state=0.0795, contamination_coefficient=0, fisher_regime=0, session_character=0, cross_tf_confluence=1.0, event_type_id=3, timeframe_source=0, liquidity_type=0, fpfvg_gap_size=0.0, fpfvg_interaction_count=0, first_presentation_flag=0.0, pd_array_strength=0.0, structural_importance=0.0, raw_json={'timestamp': '16:09:00', 'price_level': 23496.5, 'movement_type': 'close'})",
    "RichNodeFeature(time_minutes=0.0, daily_phase_sin=-0.3826834323650892, daily_phase_cos=-0.923879532511287, session_position=0.0, time_to_close=159.0, weekend_proximity=0.2857142857142857, absolute_timestamp=1753657200, day_of_week=0, month_phase=0.9032258064516129, normalized_price=0.234845, price_delta_1m=-0.015860452621101737, price_delta_5m=-0.017307500926556682, price_delta_15m=0.0072673397653685015, volatility_window=0.04904452508420866, energy_state=0.0795, contamination_coefficient=0, fisher_regime=0, session_character=0, cross_tf_confluence=1.0, event_type_id=4, timeframe_source=0, liquidity_type=0, fpfvg_gap_size=0.0, fpfvg_interaction_count=0, first_presentation_flag=0.0, pd_array_strength=0.0, structural_importance=0.0, raw_json={'timestamp': '13:30:00', 'price': 23484.5, 'action': 'delivery', 'context': 'Expansion higher redelivering Lunch first presentation FVG'})",
    "RichNodeFeature(time_minutes=2.0, daily_phase_sin=-0.39073112848927355, daily_phase_cos=-0.9205048534524404, session_position=0.012578616352201259, time_to_close=157.0, weekend_proximity=0.2857142857142857, absolute_timestamp=1753657200, day_of_week=0, month_phase=0.9032258064516129, normalized_price=0.234795, price_delta_1m=0.003330551817323388, price_delta_5m=-0.012271323583589563, price_delta_15m=-0.006201754361584218, volatility_window=0.013237647669824293, energy_state=0.0795, contamination_coefficient=0, fisher_regime=0, session_character=0, cross_tf_confluence=1.0, event_type_id=4, timeframe_source=0, liquidity_type=0, fpfvg_gap_size=0.0, fpfvg_interaction_count=0, first_presentation_flag=0.0, pd_array_strength=0.0, structural_importance=0.0, raw_json={'timestamp': '13:32:00', 'price': 23479.5, 'action': 'touch', 'context': 'PM session first presentation FVG premium high created'})",
    "RichNodeFeature(time_minutes=21.0, daily_phase_sin=-0.46561452032511136, daily_phase_cos=-0.8849876374630419, session_position=0.1320754716981132, time_to_close=138.0, weekend_proximity=0.2857142857142857, absolute_timestamp=1753657200, day_of_week=0, month_phase=0.9032258064516129, normalized_price=0.2347725, price_delta_1m=0.005142290706511702, price_delta_5m=0.014681643843307935, price_delta_15m=0.014025241526497265, volatility_window=0.03845815395553425, energy_state=0.0795, contamination_coefficient=0, fisher_regime=0, session_character=0, cross_tf_confluence=1.0, event_type_id=4, timeframe_source=0, liquidity_type=0, fpfvg_gap_size=0.0, fpfvg_interaction_count=0, first_presentation_flag=0.0, pd_array_strength=0.0, structural_importance=0.0, raw_json={'timestamp': '13:51:00', 'price': 23477.25, 'action': 'delivery', 'context': 'PM session first presentation FVG redelivered'})",
    "RichNodeFeature(time_minutes=35.0, daily_phase_sin=-0.5187732581605212, daily_phase_cos=-0.8549118706729468, session_position=0.22012578616352202, time_to_close=124.0, weekend_proximity=0.2857142857142857, absolute_timestamp=1753657200, day_of_week=0, month_phase=0.9032258064516129, normalized_price=0.2345, price_delta_1m=-0.005118795431240294, price_delta_5m=0.0006619197270125298, price_delta_15m=-0.004878157754429264, volatility_window=0.025466488054559984, energy_state=0.0795, contamination_coefficient=0, fisher_regime=0, session_character=0, cross_tf_confluence=1.0, event_type_id=4, timeframe_source=0, liquidity_type=0, fpfvg_gap_size=0.0, fpfvg_interaction_count=0, first_presentation_flag=0.0, pd_array_strength=0.0, structural_importance=0.0, raw_json={'timestamp': '14:05:00', 'price': 23450.0, 'action': 'delivery', 'context': \"Previous day's PM session first presentation FVG redelivered\"})",
