{
  "nodes": {
    "1m": [
      0,
      1,
      2,
      3,
      4,
      5,
      6,
      7,
      8,
      9,
      10,
      11,
      12,
      13,
      14,
      15
    ],
    "5m": [],
    "15m": [],
    "1h": [
      16,
      17
    ],
    "D": [],
    "W": []
  },
  "rich_node_features": [
    "RichNodeFeature(time_minutes=0.0, daily_phase_sin=-0.3826834323650892, daily_phase_cos=-0.923879532511287, session_position=0.0, time_to_close=159.0, weekend_proximity=0.2857142857142857, absolute_timestamp=1753657200, day_of_week=0, month_phase=0.9032258064516129, normalized_price=0.23465, price_delta_1m=-0.0019897501024732844, price_delta_5m=-0.0035027271537420514, price_delta_15m=-0.008775630841999065, volatility_window=0.040688733342385035, energy_state=0.0795, contamination_coefficient=0, fisher_regime=0, session_character=0, cross_tf_confluence=1.0, event_type_id=0, timeframe_source=0, liquidity_type=0, fpfvg_gap_size=0.0, fpfvg_interaction_count=0, first_presentation_flag=0.0, pd_array_strength=0.0, structural_importance=0.0, raw_json={'timestamp': '13:30:00', 'price_level': 23465.0, 'movement_type': 'open'})",
    "RichNodeFeature(time_minutes=-90.0, daily_phase_sin=1.2246467991473532e-16, daily_phase_cos=-1.0, session_position=-0.5660377358490566, time_to_close=249.0, weekend_proximity=0.2857142857142857, absolute_timestamp=1753657200, day_of_week=0, month_phase=0.9032258064516129, normalized_price=0.23504, price_delta_1m=0.006553394237544001, price_delta_5m=0.004507183575179958, price_delta_15m=-0.005338480844936408, volatility_window=0.011649764810222604, energy_state=0.0795, contamination_coefficient=0, fisher_regime=0, session_character=0, cross_tf_confluence=1.0, event_type_id=1, timeframe_source=0, liquidity_type=0, fpfvg_gap_size=0.0, fpfvg_interaction_count=0, first_presentation_flag=0.0, pd_array_strength=0.0, structural_importance=0.0, raw_json={'timestamp': '12:00:00', 'price_level': 23504.0, 'movement_type': 'session_high'})",
    "RichNodeFeature(time_minutes=-60.0, daily_phase_sin=-0.13052619222005132, daily_phase_cos=-0.9914448613738105, session_position=-0.37735849056603776, time_to_close=219.0, weekend_proximity=0.2857142857142857, absolute_timestamp=1753657200, day_of_week=0, month_phase=0.9032258064516129, normalized_price=0.2344, price_delta_1m=0.005258606731645882, price_delta_5m=0.017465000176538407, price_delta_15m=-0.012688595247234341, volatility_window=0.011068435191219477, energy_state=0.0795, contamination_coefficient=0, fisher_regime=0, session_character=0, cross_tf_confluence=1.0, event_type_id=2, timeframe_source=0, liquidity_type=0, fpfvg_gap_size=0.0, fpfvg_interaction_count=0, first_presentation_flag=0.0, pd_array_strength=0.0, structural_importance=0.0, raw_json={'timestamp': '12:30:00', 'price_level': 23440.0, 'movement_type': 'session_low'})",
    "RichNodeFeature(time_minutes=159.0, daily_phase_sin=-0.8849876374630418, daily_phase_cos=-0.4656145203251116, session_position=1.0, time_to_close=0, weekend_proximity=0.2857142857142857, absolute_timestamp=1753657200, day_of_week=0, month_phase=0.9032258064516129, normalized_price=0.234965, price_delta_1m=-0.006106998991108792, price_delta_5m=0.0019324868143951574, price_delta_15m=-0.013077278716496894, volatility_window=0.04992424742714796, energy_state=0.0795, contamination_coefficient=0, fisher_regime=0, session_character=0, cross_tf_confluence=1.0, event_type_id=3, timeframe_source=0, liquidity_type=0, fpfvg_gap_size=0.0, fpfvg_interaction_count=0, first_presentation_flag=0.0, pd_array_strength=0.0, structural_importance=0.0, raw_json={'timestamp': '16:09:00', 'price_level': 23496.5, 'movement_type': 'close'})",
    "RichNodeFeature(time_minutes=0.0, daily_phase_sin=-0.3826834323650892, daily_phase_cos=-0.923879532511287, session_position=0.0, time_to_close=159.0, weekend_proximity=0.2857142857142857, absolute_timestamp=1753657200, day_of_week=0, month_phase=0.9032258064516129, normalized_price=0.234845, price_delta_1m=0.015705395343571814, price_delta_5m=0.009681461079437067, price_delta_15m=0.0030001227059903842, volatility_window=0.040094516106393197, energy_state=0.0795, contamination_coefficient=0, fisher_regime=0, session_character=0, cross_tf_confluence=1.0, event_type_id=4, timeframe_source=0, liquidity_type=0, fpfvg_gap_size=0.0, fpfvg_interaction_count=0, first_presentation_flag=0.0, pd_array_strength=0.0, structural_importance=0.0, raw_json={'timestamp': '13:30:00', 'price': 23484.5, 'action': 'delivery', 'context': 'Expansion higher redelivering Lunch first presentation FVG'})",
    "RichNodeFeature(time_minutes=2.0, daily_phase_sin=-0.39073112848927355, daily_phase_cos=-0.9205048534524404, session_position=0.012578616352201259, time_to_close=157.0, weekend_proximity=0.2857142857142857, absolute_timestamp=1753657200, day_of_week=0, month_phase=0.9032258064516129, normalized_price=0.234795, price_delta_1m=-0.012179674474144765, price_delta_5m=-0.01111243105415299, price_delta_15m=-0.0012051217249548182, volatility_window=0.01941999067228138, energy_state=0.0795, contamination_coefficient=0, fisher_regime=0, session_character=0, cross_tf_confluence=1.0, event_type_id=4, timeframe_source=0, liquidity_type=0, fpfvg_gap_size=0.0, fpfvg_interaction_count=0, first_presentation_flag=0.0, pd_array_strength=0.0, structural_importance=0.0, raw_json={'timestamp': '13:32:00', 'price': 23479.5, 'action': 'touch', 'context': 'PM session first presentation FVG premium high created'})",
    "RichNodeFeature(time_minutes=21.0, daily_phase_sin=-0.46561452032511136, daily_phase_cos=-0.8849876374630419, session_position=0.1320754716981132, time_to_close=138.0, weekend_proximity=0.2857142857142857, absolute_timestamp=1753657200, day_of_week=0, month_phase=0.9032258064516129, normalized_price=0.2347725, price_delta_1m=-0.0035143139854218407, price_delta_5m=0.0004387404982464978, price_delta_15m=-0.004416460289310362, volatility_window=0.023843416955278075, energy_state=0.0795, contamination_coefficient=0, fisher_regime=0, session_character=0, cross_tf_confluence=1.0, event_type_id=4, timeframe_source=0, liquidity_type=0, fpfvg_gap_size=0.0, fpfvg_interaction_count=0, first_presentation_flag=0.0, pd_array_strength=0.0, structural_importance=0.0, raw_json={'timestamp': '13:51:00', 'price': 23477.25, 'action': 'delivery', 'context': 'PM session first presentation FVG redelivered'})",
    "RichNodeFeature(time_minutes=35.0, daily_phase_sin=-0.5187732581605212, daily_phase_cos=-0.8549118706729468, session_position=0.22012578616352202, time_to_close=124.0, weekend_proximity=0.2857142857142857, absolute_timestamp=1753657200, day_of_week=0, month_phase=0.9032258064516129, normalized_price=0.2345, price_delta_1m=0.009143526644582943, price_delta_5m=1.7716087665384244e-05, price_delta_15m=-0.00534446651013512, volatility_window=0.031017756104711178, energy_state=0.0795, contamination_coefficient=0, fisher_regime=0, session_character=0, cross_tf_confluence=1.0, event_type_id=4, timeframe_source=0, liquidity_type=0, fpfvg_gap_size=0.0, fpfvg_interaction_count=0, first_presentation_flag=0.0, pd_array_strength=0.0, structural_importance=0.0, raw_json={'timestamp': '14:05:00', 'price': 23450.0, 'action': 'delivery', 'context': \"Previous day's PM session first presentation FVG redelivered\"})",
