{
  "nodes": {
    "1m": [
      0,
      1,
      2,
      3,
      4,
      5,
      6,
      7,
      8,
      9,
      10,
      11,
      12,
      13,
      14,
      15
    ],
    "5m": [],
    "15m": [],
    "1h": [
      16,
      17
    ],
    "D": [],
    "W": []
  },
  "rich_node_features": [
    "RichNodeFeature(time_minutes=0.0, daily_phase_sin=-0.3826834323650892, daily_phase_cos=-0.923879532511287, session_position=0.0, time_to_close=159.0, weekend_proximity=0.2857142857142857, absolute_timestamp=1753657200, day_of_week=0, month_phase=0.9032258064516129, normalized_price=0.23465, price_delta_1m=-0.016793134242389075, price_delta_5m=0.0068972018208201934, price_delta_15m=-0.002357260885334893, volatility_window=0.013477576817714864, energy_state=0.0795, contamination_coefficient=0, fisher_regime=0, session_character=0, cross_tf_confluence=1.0, event_type_id=0, timeframe_source=0, liquidity_type=0, fpfvg_gap_size=0.0, fpfvg_interaction_count=0, first_presentation_flag=0.0, pd_array_strength=0.0, structural_importance=0.0, raw_json={'timestamp': '13:30:00', 'price_level': 23465.0, 'movement_type': 'open'})",
    "RichNodeFeature(time_minutes=-90.0, daily_phase_sin=1.2246467991473532e-16, daily_phase_cos=-1.0, session_position=-0.5660377358490566, time_to_close=249.0, weekend_proximity=0.2857142857142857, absolute_timestamp=1753657200, day_of_week=0, month_phase=0.9032258064516129, normalized_price=0.23504, price_delta_1m=0.003737970584872634, price_delta_5m=0.0031647732364890042, price_delta_15m=-0.0005760120769184656, volatility_window=0.03947342937149004, energy_state=0.0795, contamination_coefficient=0, fisher_regime=0, session_character=0, cross_tf_confluence=1.0, event_type_id=1, timeframe_source=0, liquidity_type=0, fpfvg_gap_size=0.0, fpfvg_interaction_count=0, first_presentation_flag=0.0, pd_array_strength=0.0, structural_importance=0.0, raw_json={'timestamp': '12:00:00', 'price_level': 23504.0, 'movement_type': 'session_high'})",
    "RichNodeFeature(time_minutes=-60.0, daily_phase_sin=-0.13052619222005132, daily_phase_cos=-0.9914448613738105, session_position=-0.37735849056603776, time_to_close=219.0, weekend_proximity=0.2857142857142857, absolute_timestamp=1753657200, day_of_week=0, month_phase=0.9032258064516129, normalized_price=0.2344, price_delta_1m=0.016329658370676764, price_delta_5m=-0.01618403845856529, price_delta_15m=0.01711762376422047, volatility_window=0.03114037719875111, energy_state=0.0795, contamination_coefficient=0, fisher_regime=0, session_character=0, cross_tf_confluence=1.0, event_type_id=2, timeframe_source=0, liquidity_type=0, fpfvg_gap_size=0.0, fpfvg_interaction_count=0, first_presentation_flag=0.0, pd_array_strength=0.0, structural_importance=0.0, raw_json={'timestamp': '12:30:00', 'price_level': 23440.0, 'movement_type': 'session_low'})",
    "RichNodeFeature(time_minutes=159.0, daily_phase_sin=-0.8849876374630418, daily_phase_cos=-0.4656145203251116, session_position=1.0, time_to_close=0, weekend_proximity=0.2857142857142857, absolute_timestamp=1753657200, day_of_week=0, month_phase=0.9032258064516129, normalized_price=0.234965, price_delta_1m=0.010740982689592858, price_delta_5m=-0.003365078026265164, price_delta_15m=0.006949327190785066, volatility_window=0.03385479232169578, energy_state=0.0795, contamination_coefficient=0, fisher_regime=0, session_character=0, cross_tf_confluence=1.0, event_type_id=3, timeframe_source=0, liquidity_type=0, fpfvg_gap_size=0.0, fpfvg_interaction_count=0, first_presentation_flag=0.0, pd_array_strength=0.0, structural_importance=0.0, raw_json={'timestamp': '16:09:00', 'price_level': 23496.5, 'movement_type': 'close'})",
    "RichNodeFeature(time_minutes=0.0, daily_phase_sin=-0.3826834323650892, daily_phase_cos=-0.923879532511287, session_position=0.0, time_to_close=159.0, weekend_proximity=0.2857142857142857, absolute_timestamp=1753657200, day_of_week=0, month_phase=0.9032258064516129, normalized_price=0.234845, price_delta_1m=-0.004944557975616185, price_delta_5m=-0.006200823674792072, price_delta_15m=0.010411701803537413, volatility_window=0.049089609212912166, energy_state=0.0795, contamination_coefficient=0, fisher_regime=0, session_character=0, cross_tf_confluence=1.0, event_type_id=4, timeframe_source=0, liquidity_type=0, fpfvg_gap_size=0.0, fpfvg_interaction_count=0, first_presentation_flag=0.0, pd_array_strength=0.0, structural_importance=0.0, raw_json={'timestamp': '13:30:00', 'price': 23484.5, 'action': 'delivery', 'context': 'Expansion higher redelivering Lunch first presentation FVG'})",
    "RichNodeFeature(time_minutes=2.0, daily_phase_sin=-0.39073112848927355, daily_phase_cos=-0.9205048534524404, session_position=0.012578616352201259, time_to_close=157.0, weekend_proximity=0.2857142857142857, absolute_timestamp=1753657200, day_of_week=0, month_phase=0.9032258064516129, normalized_price=0.234795, price_delta_1m=0.022340989474970933, price_delta_5m=0.004318836183600754, price_delta_15m=-0.00045471344787671063, volatility_window=0.04774877621919812, energy_state=0.0795, contamination_coefficient=0, fisher_regime=0, session_character=0, cross_tf_confluence=1.0, event_type_id=4, timeframe_source=0, liquidity_type=0, fpfvg_gap_size=0.0, fpfvg_interaction_count=0, first_presentation_flag=0.0, pd_array_strength=0.0, structural_importance=0.0, raw_json={'timestamp': '13:32:00', 'price': 23479.5, 'action': 'touch', 'context': 'PM session first presentation FVG premium high created'})",
    "RichNodeFeature(time_minutes=21.0, daily_phase_sin=-0.46561452032511136, daily_phase_cos=-0.8849876374630419, session_position=0.1320754716981132, time_to_close=138.0, weekend_proximity=0.2857142857142857, absolute_timestamp=1753657200, day_of_week=0, month_phase=0.9032258064516129, normalized_price=0.2347725, price_delta_1m=0.004859551751871203, price_delta_5m=-0.0027367006962124786, price_delta_15m=-0.01780122176732956, volatility_window=0.03005400785781425, energy_state=0.0795, contamination_coefficient=0, fisher_regime=0, session_character=0, cross_tf_confluence=1.0, event_type_id=4, timeframe_source=0, liquidity_type=0, fpfvg_gap_size=0.0, fpfvg_interaction_count=0, first_presentation_flag=0.0, pd_array_strength=0.0, structural_importance=0.0, raw_json={'timestamp': '13:51:00', 'price': 23477.25, 'action': 'delivery', 'context': 'PM session first presentation FVG redelivered'})",
    "RichNodeFeature(time_minutes=35.0, daily_phase_sin=-0.5187732581605212, daily_phase_cos=-0.8549118706729468, session_position=0.22012578616352202, time_to_close=124.0, weekend_proximity=0.2857142857142857, absolute_timestamp=1753657200, day_of_week=0, month_phase=0.9032258064516129, normalized_price=0.2345, price_delta_1m=-0.007350520270003973, price_delta_5m=-0.002837612136214271, price_delta_15m=0.006596859288734755, volatility_window=0.0445300450193015, energy_state=0.0795, contamination_coefficient=0, fisher_regime=0, session_character=0, cross_tf_confluence=1.0, event_type_id=4, timeframe_source=0, liquidity_type=0, fpfvg_gap_size=0.0, fpfvg_interaction_count=0, first_presentation_flag=0.0, pd_array_strength=0.0, structural_importance=0.0, raw_json={'timestamp': '14:05:00', 'price': 23450.0, 'action': 'delivery', 'context': \"Previous day's PM session first presentation FVG redelivered\"})",
