{
  "nodes": {
    "1m": [
      0,
      1,
      2,
      3,
      4,
      5,
      6,
      7,
      8,
      9,
      10,
      11,
      12,
      13,
      14
    ],
    "5m": [],
    "15m": [],
    "1h": [
      15
    ],
    "D": [],
    "W": []
  },
  "rich_node_features": [
    "RichNodeFeature(time_minutes=0.0, daily_phase_sin=0.9659258262890683, daily_phase_cos=-0.25881904510252085, session_position=0.0, time_to_close=149.0, weekend_proximity=0.2857142857142857, absolute_timestamp=1753657200, day_of_week=0, month_phase=0.9032258064516129, normalized_price=0.234935, price_delta_1m=-0.006334467896872038, price_delta_5m=-0.013622253917330067, price_delta_15m=-0.02693224426930283, volatility_window=0.019935756006105428, energy_state=0.0745, contamination_coefficient=0, fisher_regime=0, session_character=0, cross_tf_confluence=1.0, event_type_id=0, timeframe_source=0, liquidity_type=0, fpfvg_gap_size=0.0, fpfvg_interaction_count=0, first_presentation_flag=0.0, pd_array_strength=0.0, structural_importance=0.0, raw_json={'timestamp': '07:00:00', 'price_level': 23493.5, 'movement_type': 'open'})",
    "RichNodeFeature(time_minutes=300.0, daily_phase_sin=1.2246467991473532e-16, daily_phase_cos=-1.0, session_position=2.0134228187919465, time_to_close=0, weekend_proximity=0.2857142857142857, absolute_timestamp=1753657200, day_of_week=0, month_phase=0.9032258064516129, normalized_price=0.23521, price_delta_1m=-0.0077073770774653055, price_delta_5m=-0.01002498944896477, price_delta_15m=0.006743720604583343, volatility_window=0.038885160454329486, energy_state=0.0745, contamination_coefficient=0, fisher_regime=0, session_character=0, cross_tf_confluence=1.0, event_type_id=1, timeframe_source=0, liquidity_type=0, fpfvg_gap_size=0.0, fpfvg_interaction_count=0, first_presentation_flag=0.0, pd_array_strength=0.0, structural_importance=0.0, raw_json={'timestamp': '12:00:00', 'price_level': 23521.0, 'movement_type': 'session_high'})",
    "RichNodeFeature(time_minutes=330.0, daily_phase_sin=-0.13052619222005132, daily_phase_cos=-0.9914448613738105, session_position=2.214765100671141, time_to_close=0, weekend_proximity=0.2857142857142857, absolute_timestamp=1753657200, day_of_week=0, month_phase=0.9032258064516129, normalized_price=0.2346625, price_delta_1m=-0.0008742421654869285, price_delta_5m=-0.009260469347990592, price_delta_15m=0.034189423541327355, volatility_window=0.034696382298421494, energy_state=0.0745, contamination_coefficient=0, fisher_regime=0, session_character=0, cross_tf_confluence=1.0, event_type_id=2, timeframe_source=0, liquidity_type=0, fpfvg_gap_size=0.0, fpfvg_interaction_count=0, first_presentation_flag=0.0, pd_array_strength=0.0, structural_importance=0.0, raw_json={'timestamp': '12:30:00', 'price_level': 23466.25, 'movement_type': 'session_low'})",
    "RichNodeFeature(time_minutes=149.0, daily_phase_sin=0.6122172800344493, daily_phase_cos=-0.7906895737438434, session_position=1.0, time_to_close=0, weekend_proximity=0.2857142857142857, absolute_timestamp=1753657200, day_of_week=0, month_phase=0.9032258064516129, normalized_price=0.234725, price_delta_1m=0.005134062707394859, price_delta_5m=-0.020122297278476028, price_delta_15m=0.011574554182955868, volatility_window=0.03052113665347813, energy_state=0.0745, contamination_coefficient=0, fisher_regime=0, session_character=0, cross_tf_confluence=1.0, event_type_id=3, timeframe_source=0, liquidity_type=0, fpfvg_gap_size=0.0, fpfvg_interaction_count=0, first_presentation_flag=0.0, pd_array_strength=0.0, structural_importance=0.0, raw_json={'timestamp': '09:29:00', 'price_level': 23472.5, 'movement_type': 'close'})",
    "RichNodeFeature(time_minutes=0.0, daily_phase_sin=0.9659258262890683, daily_phase_cos=-0.25881904510252085, session_position=0.0, time_to_close=149.0, weekend_proximity=0.2857142857142857, absolute_timestamp=1753657200, day_of_week=0, month_phase=0.9032258064516129, normalized_price=0.234935, price_delta_1m=0.0055567653728997345, price_delta_5m=-0.008356492991361703, price_delta_15m=-0.0006394347266307819, volatility_window=0.04433093814599072, energy_state=0.0745, contamination_coefficient=0, fisher_regime=0, session_character=0, cross_tf_confluence=1.0, event_type_id=0, timeframe_source=0, liquidity_type=0, fpfvg_gap_size=0.0, fpfvg_interaction_count=0, first_presentation_flag=0.0, pd_array_strength=0.0, structural_importance=0.0, raw_json={'timestamp': '07:00:00', 'price_level': 23493.5, 'movement_type': 'open'})",
    "RichNodeFeature(time_minutes=300.0, daily_phase_sin=1.2246467991473532e-16, daily_phase_cos=-1.0, session_position=2.0134228187919465, time_to_close=0, weekend_proximity=0.2857142857142857, absolute_timestamp=1753657200, day_of_week=0, month_phase=0.9032258064516129, normalized_price=0.23521, price_delta_1m=-0.0016951265902742927, price_delta_5m=-0.02600645575812489, price_delta_15m=-0.008736590095051412, volatility_window=0.04560811813678741, energy_state=0.0745, contamination_coefficient=0, fisher_regime=0, session_character=0, cross_tf_confluence=1.0, event_type_id=1, timeframe_source=0, liquidity_type=0, fpfvg_gap_size=0.0, fpfvg_interaction_count=0, first_presentation_flag=0.0, pd_array_strength=0.0, structural_importance=0.0, raw_json={'timestamp': '12:00:00', 'price_level': 23521.0, 'movement_type': 'session_high'})",
    "RichNodeFeature(time_minutes=330.0, daily_phase_sin=-0.13052619222005132, daily_phase_cos=-0.9914448613738105, session_position=2.214765100671141, time_to_close=0, weekend_proximity=0.2857142857142857, absolute_timestamp=1753657200, day_of_week=0, month_phase=0.9032258064516129, normalized_price=0.2346625, price_delta_1m=0.008343724791163661, price_delta_5m=0.008536193936547639, price_delta_15m=0.0046159702762482505, volatility_window=0.0184631210171136, energy_state=0.0745, contamination_coefficient=0, fisher_regime=0, session_character=0, cross_tf_confluence=1.0, event_type_id=2, timeframe_source=0, liquidity_type=0, fpfvg_gap_size=0.0, fpfvg_interaction_count=0, first_presentation_flag=0.0, pd_array_strength=0.0, structural_importance=0.0, raw_json={'timestamp': '12:30:00', 'price_level': 23466.25, 'movement_type': 'session_low'})",
    "RichNodeFeature(time_minutes=149.0, daily_phase_sin=0.6122172800344493, daily_phase_cos=-0.7906895737438434, session_position=1.0, time_to_close=0, weekend_proximity=0.2857142857142857, absolute_timestamp=1753657200, day_of_week=0, month_phase=0.9032258064516129, normalized_price=0.234725, price_delta_1m=0.004232384595959057, price_delta_5m=-0.013038225983925908, price_delta_15m=-0.004604001622084997, volatility_window=0.0220977207149542, energy_state=0.0745, contamination_coefficient=0, fisher_regime=0, session_character=0, cross_tf_confluence=1.0, event_type_id=3, timeframe_source=0, liquidity_type=0, fpfvg_gap_size=0.0, fpfvg_interaction_count=0, first_presentation_flag=0.0, pd_array_strength=0.0, structural_importance=0.0, raw_json={'timestamp': '09:29:00', 'price_level': 23472.5, 'movement_type': 'close'})",
    "RichNodeFeature(time_minutes=1.0, daily_phase_sin=0.964787323828813, daily_phase_cos=-0.2630312144579746, session_position=0.006711409395973154, time_to_close=148.0, weekend_proximity=0.2857142857142857, absolute_timestamp=1753657200, day_of_week=0, month_phase=0.9032258064516129, normalized_price=0.235005, price_delta_1m=0.008499982276024647, price_delta_5m=0.016781276884470918, price_delta_15m=-0.005748082425549865, volatility_window=0.038539464759116585, energy_state=0.0745, contamination_coefficient=0, fisher_regime=0, session_character=0, cross_tf_confluence=1.0, event_type_id=4, timeframe_source=0, liquidity_type=0, fpfvg_gap_size=0.0, fpfvg_interaction_count=0, first_presentation_flag=0.0, pd_array_strength=0.0, structural_importance=0.0, raw_json={'timestamp': '07:01:00', 'price': 23500.5, 'action': 'touch', 'context': 'Pre-market first presentation FVG premium high created'})",
