{
  "nodes": {
    "1m": [
      0,
      1,
      2,
      3,
      4,
      5,
      6,
      7,
      8,
      9,
      10,
      11,
      12,
      13,
      14
    ],
    "5m": [],
    "15m": [],
    "1h": [
      15
    ],
    "D": [],
    "W": []
  },
  "rich_node_features": [
    "RichNodeFeature(time_minutes=0.0, daily_phase_sin=0.9659258262890683, daily_phase_cos=-0.25881904510252085, session_position=0.0, time_to_close=149.0, weekend_proximity=0.2857142857142857, absolute_timestamp=1753657200, day_of_week=0, month_phase=0.9032258064516129, normalized_price=0.234935, price_delta_1m=0.007988981292340153, price_delta_5m=-0.006324116330525417, price_delta_15m=-0.0021789786273640043, volatility_window=0.03496666001557543, energy_state=0.0745, contamination_coefficient=0, fisher_regime=0, session_character=0, cross_tf_confluence=1.0, event_type_id=0, timeframe_source=0, liquidity_type=0, fpfvg_gap_size=0.0, fpfvg_interaction_count=0, first_presentation_flag=0.0, pd_array_strength=0.0, structural_importance=0.0, raw_json={'timestamp': '07:00:00', 'price_level': 23493.5, 'movement_type': 'open'})",
    "RichNodeFeature(time_minutes=300.0, daily_phase_sin=1.2246467991473532e-16, daily_phase_cos=-1.0, session_position=2.0134228187919465, time_to_close=0, weekend_proximity=0.2857142857142857, absolute_timestamp=1753657200, day_of_week=0, month_phase=0.9032258064516129, normalized_price=0.23521, price_delta_1m=-0.015224703272609136, price_delta_5m=-0.0060331944057181695, price_delta_15m=-0.014368963319605665, volatility_window=0.0296038193341666, energy_state=0.0745, contamination_coefficient=0, fisher_regime=0, session_character=0, cross_tf_confluence=1.0, event_type_id=1, timeframe_source=0, liquidity_type=0, fpfvg_gap_size=0.0, fpfvg_interaction_count=0, first_presentation_flag=0.0, pd_array_strength=0.0, structural_importance=0.0, raw_json={'timestamp': '12:00:00', 'price_level': 23521.0, 'movement_type': 'session_high'})",
    "RichNodeFeature(time_minutes=330.0, daily_phase_sin=-0.13052619222005132, daily_phase_cos=-0.9914448613738105, session_position=2.214765100671141, time_to_close=0, weekend_proximity=0.2857142857142857, absolute_timestamp=1753657200, day_of_week=0, month_phase=0.9032258064516129, normalized_price=0.2346625, price_delta_1m=-0.007053759310074614, price_delta_5m=-0.005555185902786069, price_delta_15m=-0.0034938954386351533, volatility_window=0.04033383301613416, energy_state=0.0745, contamination_coefficient=0, fisher_regime=0, session_character=0, cross_tf_confluence=1.0, event_type_id=2, timeframe_source=0, liquidity_type=0, fpfvg_gap_size=0.0, fpfvg_interaction_count=0, first_presentation_flag=0.0, pd_array_strength=0.0, structural_importance=0.0, raw_json={'timestamp': '12:30:00', 'price_level': 23466.25, 'movement_type': 'session_low'})",
    "RichNodeFeature(time_minutes=149.0, daily_phase_sin=0.6122172800344493, daily_phase_cos=-0.7906895737438434, session_position=1.0, time_to_close=0, weekend_proximity=0.2857142857142857, absolute_timestamp=1753657200, day_of_week=0, month_phase=0.9032258064516129, normalized_price=0.234725, price_delta_1m=-0.014484433648245145, price_delta_5m=0.0087629685205414, price_delta_15m=-0.0023996924750295857, volatility_window=0.045780260708074894, energy_state=0.0745, contamination_coefficient=0, fisher_regime=0, session_character=0, cross_tf_confluence=1.0, event_type_id=3, timeframe_source=0, liquidity_type=0, fpfvg_gap_size=0.0, fpfvg_interaction_count=0, first_presentation_flag=0.0, pd_array_strength=0.0, structural_importance=0.0, raw_json={'timestamp': '09:29:00', 'price_level': 23472.5, 'movement_type': 'close'})",
    "RichNodeFeature(time_minutes=0.0, daily_phase_sin=0.9659258262890683, daily_phase_cos=-0.25881904510252085, session_position=0.0, time_to_close=149.0, weekend_proximity=0.2857142857142857, absolute_timestamp=1753657200, day_of_week=0, month_phase=0.9032258064516129, normalized_price=0.234935, price_delta_1m=-0.010095878787646473, price_delta_5m=0.00217280181526524, price_delta_15m=-0.01136376484850436, volatility_window=0.045076059716691215, energy_state=0.0745, contamination_coefficient=0, fisher_regime=0, session_character=0, cross_tf_confluence=1.0, event_type_id=0, timeframe_source=0, liquidity_type=0, fpfvg_gap_size=0.0, fpfvg_interaction_count=0, first_presentation_flag=0.0, pd_array_strength=0.0, structural_importance=0.0, raw_json={'timestamp': '07:00:00', 'price_level': 23493.5, 'movement_type': 'open'})",
    "RichNodeFeature(time_minutes=300.0, daily_phase_sin=1.2246467991473532e-16, daily_phase_cos=-1.0, session_position=2.0134228187919465, time_to_close=0, weekend_proximity=0.2857142857142857, absolute_timestamp=1753657200, day_of_week=0, month_phase=0.9032258064516129, normalized_price=0.23521, price_delta_1m=0.009426026209022342, price_delta_5m=0.02563776049084408, price_delta_15m=-0.01728080478619411, volatility_window=0.026365424043864667, energy_state=0.0745, contamination_coefficient=0, fisher_regime=0, session_character=0, cross_tf_confluence=1.0, event_type_id=1, timeframe_source=0, liquidity_type=0, fpfvg_gap_size=0.0, fpfvg_interaction_count=0, first_presentation_flag=0.0, pd_array_strength=0.0, structural_importance=0.0, raw_json={'timestamp': '12:00:00', 'price_level': 23521.0, 'movement_type': 'session_high'})",
    "RichNodeFeature(time_minutes=330.0, daily_phase_sin=-0.13052619222005132, daily_phase_cos=-0.9914448613738105, session_position=2.214765100671141, time_to_close=0, weekend_proximity=0.2857142857142857, absolute_timestamp=1753657200, day_of_week=0, month_phase=0.9032258064516129, normalized_price=0.2346625, price_delta_1m=-0.00634618485845586, price_delta_5m=-0.0015219521783604443, price_delta_15m=0.005382792635647409, volatility_window=0.04060826606319374, energy_state=0.0745, contamination_coefficient=0, fisher_regime=0, session_character=0, cross_tf_confluence=1.0, event_type_id=2, timeframe_source=0, liquidity_type=0, fpfvg_gap_size=0.0, fpfvg_interaction_count=0, first_presentation_flag=0.0, pd_array_strength=0.0, structural_importance=0.0, raw_json={'timestamp': '12:30:00', 'price_level': 23466.25, 'movement_type': 'session_low'})",
    "RichNodeFeature(time_minutes=149.0, daily_phase_sin=0.6122172800344493, daily_phase_cos=-0.7906895737438434, session_position=1.0, time_to_close=0, weekend_proximity=0.2857142857142857, absolute_timestamp=1753657200, day_of_week=0, month_phase=0.9032258064516129, normalized_price=0.234725, price_delta_1m=-0.003265199752620402, price_delta_5m=-0.0021520351795546932, price_delta_15m=0.007174901888252428, volatility_window=0.02447329438825556, energy_state=0.0745, contamination_coefficient=0, fisher_regime=0, session_character=0, cross_tf_confluence=1.0, event_type_id=3, timeframe_source=0, liquidity_type=0, fpfvg_gap_size=0.0, fpfvg_interaction_count=0, first_presentation_flag=0.0, pd_array_strength=0.0, structural_importance=0.0, raw_json={'timestamp': '09:29:00', 'price_level': 23472.5, 'movement_type': 'close'})",
    "RichNodeFeature(time_minutes=1.0, daily_phase_sin=0.964787323828813, daily_phase_cos=-0.2630312144579746, session_position=0.006711409395973154, time_to_close=148.0, weekend_proximity=0.2857142857142857, absolute_timestamp=1753657200, day_of_week=0, month_phase=0.9032258064516129, normalized_price=0.235005, price_delta_1m=-0.0012959885133632593, price_delta_5m=-0.01137428721306745, price_delta_15m=0.006048291857019965, volatility_window=0.04308791278100346, energy_state=0.0745, contamination_coefficient=0, fisher_regime=0, session_character=0, cross_tf_confluence=1.0, event_type_id=4, timeframe_source=0, liquidity_type=0, fpfvg_gap_size=0.0, fpfvg_interaction_count=0, first_presentation_flag=0.0, pd_array_strength=0.0, structural_importance=0.0, raw_json={'timestamp': '07:01:00', 'price': 23500.5, 'action': 'touch', 'context': 'Pre-market first presentation FVG premium high created'})",
