{
  "nodes": {
    "1m": [
      0,
      1,
      2,
      3,
      4,
      5,
      6,
      7,
      8,
      9,
      10,
      11,
      12,
      13,
      14
    ],
    "5m": [],
    "15m": [],
    "1h": [
      15
    ],
    "D": [],
    "W": []
  },
  "rich_node_features": [
    "RichNodeFeature(time_minutes=0.0, daily_phase_sin=0.9659258262890683, daily_phase_cos=-0.25881904510252085, session_position=0.0, time_to_close=149.0, weekend_proximity=0.2857142857142857, absolute_timestamp=1753657200, day_of_week=0, month_phase=0.9032258064516129, normalized_price=0.234935, price_delta_1m=-0.0015968401668055505, price_delta_5m=0.01941031989443916, price_delta_15m=-0.015408708817929356, volatility_window=0.013609549138821411, energy_state=0.0745, contamination_coefficient=0, fisher_regime=0, session_character=0, cross_tf_confluence=1.0, event_type_id=0, timeframe_source=0, liquidity_type=0, fpfvg_gap_size=0.0, fpfvg_interaction_count=0, first_presentation_flag=0.0, pd_array_strength=0.0, structural_importance=0.0, raw_json={'timestamp': '07:00:00', 'price_level': 23493.5, 'movement_type': 'open'})",
    "RichNodeFeature(time_minutes=300.0, daily_phase_sin=1.2246467991473532e-16, daily_phase_cos=-1.0, session_position=2.0134228187919465, time_to_close=0, weekend_proximity=0.2857142857142857, absolute_timestamp=1753657200, day_of_week=0, month_phase=0.9032258064516129, normalized_price=0.23521, price_delta_1m=-0.002538020753991916, price_delta_5m=-0.009773763758539857, price_delta_15m=0.01364851320174741, volatility_window=0.0442290762677359, energy_state=0.0745, contamination_coefficient=0, fisher_regime=0, session_character=0, cross_tf_confluence=1.0, event_type_id=1, timeframe_source=0, liquidity_type=0, fpfvg_gap_size=0.0, fpfvg_interaction_count=0, first_presentation_flag=0.0, pd_array_strength=0.0, structural_importance=0.0, raw_json={'timestamp': '12:00:00', 'price_level': 23521.0, 'movement_type': 'session_high'})",
    "RichNodeFeature(time_minutes=330.0, daily_phase_sin=-0.13052619222005132, daily_phase_cos=-0.9914448613738105, session_position=2.214765100671141, time_to_close=0, weekend_proximity=0.2857142857142857, absolute_timestamp=1753657200, day_of_week=0, month_phase=0.9032258064516129, normalized_price=0.2346625, price_delta_1m=-0.01266073476517599, price_delta_5m=-0.0032276277724727315, price_delta_15m=0.00022177864644228604, volatility_window=0.011893504187328516, energy_state=0.0745, contamination_coefficient=0, fisher_regime=0, session_character=0, cross_tf_confluence=1.0, event_type_id=2, timeframe_source=0, liquidity_type=0, fpfvg_gap_size=0.0, fpfvg_interaction_count=0, first_presentation_flag=0.0, pd_array_strength=0.0, structural_importance=0.0, raw_json={'timestamp': '12:30:00', 'price_level': 23466.25, 'movement_type': 'session_low'})",
    "RichNodeFeature(time_minutes=149.0, daily_phase_sin=0.6122172800344493, daily_phase_cos=-0.7906895737438434, session_position=1.0, time_to_close=0, weekend_proximity=0.2857142857142857, absolute_timestamp=1753657200, day_of_week=0, month_phase=0.9032258064516129, normalized_price=0.234725, price_delta_1m=-0.002552271554528253, price_delta_5m=0.0034416978619536704, price_delta_15m=-0.007512769423336629, volatility_window=0.017157989647677868, energy_state=0.0745, contamination_coefficient=0, fisher_regime=0, session_character=0, cross_tf_confluence=1.0, event_type_id=3, timeframe_source=0, liquidity_type=0, fpfvg_gap_size=0.0, fpfvg_interaction_count=0, first_presentation_flag=0.0, pd_array_strength=0.0, structural_importance=0.0, raw_json={'timestamp': '09:29:00', 'price_level': 23472.5, 'movement_type': 'close'})",
    "RichNodeFeature(time_minutes=0.0, daily_phase_sin=0.9659258262890683, daily_phase_cos=-0.25881904510252085, session_position=0.0, time_to_close=149.0, weekend_proximity=0.2857142857142857, absolute_timestamp=1753657200, day_of_week=0, month_phase=0.9032258064516129, normalized_price=0.234935, price_delta_1m=-0.004186115611388577, price_delta_5m=-0.0023715270597621727, price_delta_15m=0.009462879139117548, volatility_window=0.03524954073094032, energy_state=0.0745, contamination_coefficient=0, fisher_regime=0, session_character=0, cross_tf_confluence=1.0, event_type_id=0, timeframe_source=0, liquidity_type=0, fpfvg_gap_size=0.0, fpfvg_interaction_count=0, first_presentation_flag=0.0, pd_array_strength=0.0, structural_importance=0.0, raw_json={'timestamp': '07:00:00', 'price_level': 23493.5, 'movement_type': 'open'})",
    "RichNodeFeature(time_minutes=300.0, daily_phase_sin=1.2246467991473532e-16, daily_phase_cos=-1.0, session_position=2.0134228187919465, time_to_close=0, weekend_proximity=0.2857142857142857, absolute_timestamp=1753657200, day_of_week=0, month_phase=0.9032258064516129, normalized_price=0.23521, price_delta_1m=-0.023604678775856716, price_delta_5m=-0.002525235844012323, price_delta_15m=0.015420027691390741, volatility_window=0.03833420364906304, energy_state=0.0745, contamination_coefficient=0, fisher_regime=0, session_character=0, cross_tf_confluence=1.0, event_type_id=1, timeframe_source=0, liquidity_type=0, fpfvg_gap_size=0.0, fpfvg_interaction_count=0, first_presentation_flag=0.0, pd_array_strength=0.0, structural_importance=0.0, raw_json={'timestamp': '12:00:00', 'price_level': 23521.0, 'movement_type': 'session_high'})",
    "RichNodeFeature(time_minutes=330.0, daily_phase_sin=-0.13052619222005132, daily_phase_cos=-0.9914448613738105, session_position=2.214765100671141, time_to_close=0, weekend_proximity=0.2857142857142857, absolute_timestamp=1753657200, day_of_week=0, month_phase=0.9032258064516129, normalized_price=0.2346625, price_delta_1m=-0.007216414297237624, price_delta_5m=-0.004350253654530629, price_delta_15m=-0.026226729152958837, volatility_window=0.04336917743044305, energy_state=0.0745, contamination_coefficient=0, fisher_regime=0, session_character=0, cross_tf_confluence=1.0, event_type_id=2, timeframe_source=0, liquidity_type=0, fpfvg_gap_size=0.0, fpfvg_interaction_count=0, first_presentation_flag=0.0, pd_array_strength=0.0, structural_importance=0.0, raw_json={'timestamp': '12:30:00', 'price_level': 23466.25, 'movement_type': 'session_low'})",
    "RichNodeFeature(time_minutes=149.0, daily_phase_sin=0.6122172800344493, daily_phase_cos=-0.7906895737438434, session_position=1.0, time_to_close=0, weekend_proximity=0.2857142857142857, absolute_timestamp=1753657200, day_of_week=0, month_phase=0.9032258064516129, normalized_price=0.234725, price_delta_1m=-0.000534704700649702, price_delta_5m=-0.0030821304634809383, price_delta_15m=0.00409988407910235, volatility_window=0.03684876375537794, energy_state=0.0745, contamination_coefficient=0, fisher_regime=0, session_character=0, cross_tf_confluence=1.0, event_type_id=3, timeframe_source=0, liquidity_type=0, fpfvg_gap_size=0.0, fpfvg_interaction_count=0, first_presentation_flag=0.0, pd_array_strength=0.0, structural_importance=0.0, raw_json={'timestamp': '09:29:00', 'price_level': 23472.5, 'movement_type': 'close'})",
    "RichNodeFeature(time_minutes=1.0, daily_phase_sin=0.964787323828813, daily_phase_cos=-0.2630312144579746, session_position=0.006711409395973154, time_to_close=148.0, weekend_proximity=0.2857142857142857, absolute_timestamp=1753657200, day_of_week=0, month_phase=0.9032258064516129, normalized_price=0.235005, price_delta_1m=0.005362784030824529, price_delta_5m=0.013387328297019638, price_delta_15m=0.008661260369987, volatility_window=0.027458579321554447, energy_state=0.0745, contamination_coefficient=0, fisher_regime=0, session_character=0, cross_tf_confluence=1.0, event_type_id=4, timeframe_source=0, liquidity_type=0, fpfvg_gap_size=0.0, fpfvg_interaction_count=0, first_presentation_flag=0.0, pd_array_strength=0.0, structural_importance=0.0, raw_json={'timestamp': '07:01:00', 'price': 23500.5, 'action': 'touch', 'context': 'Pre-market first presentation FVG premium high created'})",
