zone_id,ts,center_node_id,confidence,cohesion,in_burst,chain_tag,fwd_ret_12b,hit_+100_12b,time_to_+100_bars,phase_bucket,phase_hit_rate,trading_score,htf_regime,htf_bar_pos,htf_dist_mid
demo_zone_3,1692010800,4403,0.8431264066149118,0.6218455076693483,True,none,-0.18062104038922855,False,,regime_2,0.4733054075301833,0.8802228413412762,2,-0.6532706929844558,-10.89393924267592
demo_zone_2,1692007200,4402,0.7084289297070436,0.5798695128633439,False,none,1.1725190151372433,True,10.0,regime_2,0.5439761626945282,0.7595229603389845,0,-0.869896814029441,44.888553725333324
demo_zone_0,1692000000,4400,0.7249080237694725,0.5624074561769746,True,retracement,0.518150830480554,False,,regime_2,0.546470458309974,0.754227657103951,2,-0.9588310114083951,46.990985216199434
demo_zone_1,1692003600,4401,0.8164885281600843,0.5727299868828403,True,none,1.2184238851264204,True,11.0,regime_1,0.20282652208788698,0.6607229047192146,2,0.22370578944475894,-36.05061393479582
demo_zone_4,1692014400,4404,0.6864472175576125,0.7270801311279966,True,expansion,-1.1023514430579862,False,,regime_1,0.37990165334790627,0.6576576860543618,1,0.45454399171284177,-17.34592311941646
